loan_id,customer_id,loan_status,loan_amount,state,funded_amount,term,int_rate,installment,grade,issue_d,issue_date,issue_year,pymnt_plan,application.type,application.purpose,application.description,application.notes
25089,QWW+mlpAqeF0RUozuxD2hi/fGARZCe3XHP+l1zvMRbk=,Current,5000,NY,5000, 36 months,0.0531,150.56,A,Apr-18,April 2018,2018,FALSE,Individual,credit_card,Credit card refinancing,desc
82474,m1DtUg34EUQTD8+5flFovzZsNH3OCHUDTPkc+9gwkDs=,Current,10000,GA,10000, 36 months,0.0531,301.10999,A,Apr-18,April 2018,2018,FALSE,Joint App,home_improvement,Home improvement,desc
99461,0+fwSz95b3cy/C6t53bzQCXNh6HS87SvFOf888dj2ZI=,Current,10000,MI,10000, 60 months,0.0531,190.14,A,Apr-18,April 2018,2018,FALSE,Individual,credit_card,Credit card refinancing,desc
109050,jR6sbnOr9VcMSv9G9cjP/pOORKmRUf0hsoA2R3ed5U4=,Current,11000,NY,11000, 36 months,0.0531,331.22,A,Apr-18,April 2018,2018,FALSE,Individual,credit_card,Credit card refinancing,desc
162175,6iVq7nuaudscX4mLlk5n0CuWh3qf7JINApXwAYyFBhU=,Current,16000,CO,16000, 36 months,0.0531,481.76999,A,Apr-18,April 2018,2018,FALSE,Individual,debt_consolidation,Debt consolidation,desc
222179,kiPohiLkznQ5tlsFjX9Sw62bMF3lvwgZ74+2EePCi2k=,Fully Paid,25000,WI,25000, 36 months,0.0531,752.76001,A,Apr-18,April 2018,2018,FALSE,Individual,home_improvement,Home improvement,desc
25070,QNtgZDAJvC5YHzGzyAMN2u1BjaMciUyRjEvDxpqPWBw=,Current,5000,CT,5000, 36 months,0.0531,150.56,A,Apr-18,April 2018,2018,FALSE,Individual,debt_consolidation,Debt consolidation,desc
38975,ej7Ob272U45UfhNoQMP7dNbsUJAgJebz2F6sNzrMMpw=,Current,6000,GA,6000, 36 months,0.0531,180.67,A,Apr-18,April 2018,2018,FALSE,Joint App,small_business,Business,desc
222187,4w+VFDTIFvqhFX1fdxrBxIVvBl///WDlTX65eJmQoIE=,Current,25000,CO,25000, 36 months,0.0531,752.76001,A,Apr-18,April 2018,2018,FALSE,Individual,credit_card,Credit card refinancing,desc
82495,GJRxPib7aCjmXcdekETTr3DfLOMFWtQFFyem2plBN2s=,Current,10000,WA,10000, 36 months,0.0531,301.10999,A,Apr-18,April 2018,2018,FALSE,Individual,debt_consolidation,Debt consolidation,desc
145359,erIX5O4pmiacL5HAXY/G8Z1FwQ82nZob7rAivFvTZEk=,Current,15000,NY,15000, 36 months,0.0531,451.66,A,Apr-18,April 2018,2018,FALSE,Individual,debt_consolidation,Debt consolidation,desc
166147,z2ILKEWQFpe/30PVV0mpJ8k70bfP64bttS4qcRmfORU=,Current,16000,IL,16000, 60 months,0.0531,304.22,A,Apr-18,April 2018,2018,FALSE,Individual,credit_card,Credit card refinancing,desc
230057,AcVvDoF+mXgwXB72D/usLkqIBDWfqCUofljuVIsfOB4=,Current,25200,CA,25200, 36 months,0.0531,758.78003,A,Apr-18,April 2018,2018,FALSE,Individual,home_improvement,Home improvement,desc
61672,wAztjY6I8kFxPBUq7rXkVKaevg2XH1dxYrLDqeifhkg=,Current,8000,NY,8000, 36 months,0.0531,240.89,A,Apr-18,April 2018,2018,FALSE,Individual,other,Other,desc
209001,6q1l8Zg14+KhMkfJAcQpJSZ+SEhdUUejo8o1o1sr5gQ=,Current,22000,NY,22000, 36 months,0.0531,662.42999,A,Apr-18,April 2018,2018,FALSE,Individual,debt_consolidation,Debt consolidation,desc
222212,0dmKoGj40/+A8D9sqbEZ/paZJ/4b9/FOTuf7JYazaLU=,Current,25000,CO,25000, 36 months,0.0531,752.76001,A,Apr-18,April 2018,2018,FALSE,Individual,credit_card,Credit card refinancing,desc
58500,b2hzxrXMwptGdS0G3ewtJPCciG/V5cx9wBWj6brmY64=,Current,7500,KS,7500, 36 months,0.0531,225.83,A,Apr-18,April 2018,2018,FALSE,Joint App,home_improvement,Home improvement,desc
187702,g1RC+EV+3TmsidBTHX2bWmTulrGlDlxuAhQfgGVt7Lc=,Current,20000,WV,20000, 36 months,0.0531,602.21002,A,Apr-18,April 2018,2018,FALSE,Joint App,debt_consolidation,Debt consolidation,desc
222194,c+12dBQny3CuHCU+FlqLDznRTQ5h1u4j8qaUqD0yTxU=,Current,25000,OK,25000, 36 months,0.0531,752.76001,A,Apr-18,April 2018,2018,FALSE,Individual,credit_card,Credit card refinancing,desc
115671,scIqssdo9JNm0rQHqrBb1UZh9XNkPrc5y4yFxu7+ShE=,Current,12000,SC,12000, 36 months,0.0531,361.32999,A,Apr-18,April 2018,2018,FALSE,Joint App,debt_consolidation,Debt consolidation,desc
115696,HfKH4P29A9zE9jpfgAMuXn0XshfdFPezfonTSNBWxdA=,Current,12000,NJ,12000, 36 months,0.0531,361.32999,A,Apr-18,April 2018,2018,FALSE,Individual,home_improvement,Home improvement,desc
253560,/UoCqElhSm0isE0aFh21kLoiL8aOtO52pQRMGF5uykY=,Current,35000,CA,35000, 36 months,0.0531,1053.86,A,Apr-18,April 2018,2018,FALSE,Individual,debt_consolidation,Debt consolidation,desc
222172,jnGddE+VEu++1b3Wx0jukcsj4rsWIVc0MYKPuGrBT/4=,Current,25000,IL,25000, 36 months,0.0531,752.76001,A,Apr-18,April 2018,2018,FALSE,Individual,home_improvement,Home improvement,desc
38970,0olFlDjDtm7XXfdJ7MVswkk2Txfeqqqxt+zr4Bb9gW4=,Current,6000,CA,6000, 36 months,0.0531,180.67,A,Apr-18,April 2018,2018,FALSE,Individual,debt_consolidation,Debt consolidation,desc
61671,IzhPuPvFR7WLkHHoGH54cooTtatDu3AbRloikYLD4t8=,Current,8000,FL,8000, 36 months,0.0531,240.89,A,Apr-18,April 2018,2018,FALSE,Individual,debt_consolidation,Debt consolidation,desc
115699,jCwRCLcmFm49wOzRfzYe25MjhGKs5N7UvEaGod0ziqs=,Current,12000,NY,12000, 36 months,0.0531,361.32999,A,Apr-18,April 2018,2018,FALSE,Individual,debt_consolidation,Debt consolidation,desc
162167,TxWXOytWIcrrWvklD5OaEOEnskuQG7vqOa9KC/zFCJs=,Current,16000,GA,16000, 36 months,0.0531,481.76999,A,Apr-18,April 2018,2018,FALSE,Individual,credit_card,Credit card refinancing,desc
49298,ShXb76Zee+ZDz6oHn9WRVYRl7qdW89zQGWjPF0ik36M=,Current,6500,NE,6500, 36 months,0.0531,195.72,A,Apr-18,April 2018,2018,FALSE,Individual,debt_consolidation,Debt consolidation,desc
82460,O8WwxDeb0lUSnJAhbGgiywLRdLeZJ+UuI4gJB9E9WhA=,Current,10000,OH,10000, 36 months,0.0531,301.10999,A,Apr-18,April 2018,2018,FALSE,Individual,debt_consolidation,Debt consolidation,desc
82512,aFqvj1K/Abfj3lUjhiSc8y/ghwAystdtNi/IPrNhh5c=,Current,10000,AZ,10000, 36 months,0.0531,301.10999,A,Apr-18,April 2018,2018,FALSE,Individual,debt_consolidation,Debt consolidation,desc
82522,NuqOZkEQWMIqqbzLGYtRGtenif4HAVG4Rcb6OB5Lkz8=,Current,10000,CA,10000, 36 months,0.0531,301.10999,A,Apr-18,April 2018,2018,FALSE,Individual,credit_card,Credit card refinancing,desc
38969,UBdTpiSh/QvKXALUBQqPhrYd1tN14REXAMEbe8+H9xE=,Current,6000,NY,6000, 36 months,0.0531,180.67,A,Apr-18,April 2018,2018,FALSE,Individual,debt_consolidation,Debt consolidation,desc
74285,HNvuFn29TQbAO/KkrhCFi94V8TWxTnlCqXZ6u8Hse0Q=,Current,9000,MD,9000, 36 months,0.0531,271,A,Apr-18,April 2018,2018,FALSE,Individual,credit_card,Credit card refinancing,desc
264549,LgO3EkOyzYUOCdtwFWtoyX2gU579LZtGacZ885FFzuo=,Current,40000,FL,40000, 36 months,0.0531,1204.42,A,Apr-18,April 2018,2018,FALSE,Individual,credit_card,Credit card refinancing,desc
38976,4+xsJNyMbLSgboMrwAC1eOSXpuLXQ0Hc2y7pzn+znWU=,Current,6000,NV,6000, 36 months,0.0531,180.67,A,Apr-18,April 2018,2018,FALSE,Individual,home_improvement,Home improvement,desc
71966,zLIXn8hYNpUhmuxRp/D1W5leC06AnkkMBQdEJwhnmJ8=,Current,8500,CA,8500, 36 months,0.0531,255.94,A,Apr-18,April 2018,2018,FALSE,Individual,other,Other,desc
82448,HVouqDpGOnukeizmazXgn9JDa07t40BLqFszbRVkpTk=,Current,10000,CO,10000, 36 months,0.0531,301.10999,A,Apr-18,April 2018,2018,FALSE,Individual,debt_consolidation,Debt consolidation,desc
115664,3Ol13FrXYblWEX8tp90dUEoIrY9UJ3VpeXbRXemg5L0=,Current,12000,NJ,12000, 36 months,0.0531,361.32999,A,Apr-18,April 2018,2018,FALSE,Individual,moving,Moving and relocation,desc
132418,Vz0pJPlPWyiD1IEvBkqYBrXZ0KVVAz/kzSYkG9jaTY0=,Current,13000,WA,13000, 36 months,0.0531,391.44,A,Apr-18,April 2018,2018,FALSE,Joint App,credit_card,Credit card refinancing,desc
141900,f/4Px0D+hmJCVFUfmfe6NUT6VOo7+jNgMglFztaEbbM=,Current,14400,NY,14400, 36 months,0.0531,433.59,A,Apr-18,April 2018,2018,FALSE,Individual,small_business,Business,desc
222203,RfqPWelh7e1QsKw2C2LImO/bI71HJgikD+axETigaw4=,Current,25000,IL,25000, 36 months,0.0531,752.76001,A,Apr-18,April 2018,2018,FALSE,Joint App,credit_card,Credit card refinancing,desc
2034,TRG4baWlyrjao7VF1DEQbRka6fykoJtMolYch7owJVI=,Current,1500,IN,1500, 36 months,0.0531,45.169998,A,Apr-18,April 2018,2018,FALSE,Individual,debt_consolidation,Debt consolidation,desc
25092,2U8WR+mSFjqqYLHv2o8/LTBVM1S6025aKWad2NoatJE=,Current,5000,WI,5000, 36 months,0.0531,150.56,A,Apr-18,April 2018,2018,FALSE,Individual,home_improvement,Home improvement,desc
82418,iw34ktEaKC+1fC+T2+5VvP3f62y57AmgqtPcOU4xWeU=,Current,10000,MA,10000, 36 months,0.0531,301.10999,A,Apr-18,April 2018,2018,FALSE,Individual,credit_card,Credit card refinancing,desc
132419,czCRUH+gU+EjZvtWNydcI371NqSIONGmTH5JgiHJXQc=,Current,13000,CA,13000, 36 months,0.0531,391.44,A,Apr-18,April 2018,2018,FALSE,Individual,credit_card,Credit card refinancing,desc
264536,deK4pJwwaZ0vASDfv7dwSUkF1YpFtV4K7N8Ld93RGHA=,Current,40000,KS,40000, 36 months,0.0531,1204.42,A,Apr-18,April 2018,2018,FALSE,Individual,home_improvement,Home improvement,desc
8965,+HzA1iwXXV2KjplDMj29GdoZ5eumrJXrOVw92o4q/RA=,Current,3000,MD,3000, 36 months,0.0531,90.339996,A,Apr-18,April 2018,2018,FALSE,Individual,debt_consolidation,Debt consolidation,desc
38979,aLb1hbqJJkiUjugt6spH94UOtI/Z0N+rqxc8c2J5wqo=,Current,6000,GA,6000, 36 months,0.0531,180.67,A,Apr-18,April 2018,2018,FALSE,Individual,home_improvement,Home improvement,desc
47843,5316eUc0/XRNzhYSFotlT0ojJo+x1XNfU3KzHRPz+/M=,Current,6300,AR,6300, 36 months,0.0531,189.7,A,Apr-18,April 2018,2018,FALSE,Individual,credit_card,Credit card refinancing,desc
82507,aa3wQ8wj4GuwgdOTujLmqm+JozxqUL7R4jOWgIWWuGg=,Current,10000,NY,10000, 36 months,0.0531,301.10999,A,Apr-18,April 2018,2018,FALSE,Individual,credit_card,Credit card refinancing,desc
222173,6NHUwEvTfhuJU6CGPYgI/vY+w1pcsIVrsOcsGCaJECI=,Current,25000,IL,25000, 36 months,0.0531,752.76001,A,Apr-18,April 2018,2018,FALSE,Individual,debt_consolidation,Debt consolidation,desc
253580,aAcog3Z9iTGYwTVRjBofX/q0PsEFoHVVMfSB5Vjrhr4=,Current,35000,CA,35000, 36 months,0.0531,1053.86,A,Apr-18,April 2018,2018,FALSE,Individual,small_business,Business,desc
8971,nPFZ7XG3Xxw6v1iW742eD2QvbRqIQY1U8QcU8JJmD1w=,Current,3000,AZ,3000, 36 months,0.0531,90.339996,A,Apr-18,April 2018,2018,FALSE,Individual,credit_card,Credit card refinancing,desc
36215,NBX8/ZHato+U68UiWpeyS5NALPY834RKKIyHSFkYD24=,Current,5500,MA,5500, 36 months,0.0531,165.61,A,Apr-18,April 2018,2018,FALSE,Individual,debt_consolidation,Debt consolidation,desc
145380,ZDjnr0msOnxGakhEGPVOmp0RhJRpRiOQCDNmAvS+BMo=,Current,15000,TN,15000, 36 months,0.0531,451.66,A,Apr-18,April 2018,2018,FALSE,Individual,debt_consolidation,Debt consolidation,desc
187685,yra0+v/Ynn/HKmsZfjAaqOrq3HaRAutx6QPn2Tx8MMY=,Current,20000,MN,20000, 36 months,0.0531,602.21002,A,Apr-18,April 2018,2018,FALSE,Individual,credit_card,Credit card refinancing,desc
61669,Sq6n62e9ISJTFkZFc7Ydci4pnPSUpdJmaAs28+AiKIM=,Current,8000,TX,8000, 36 months,0.0531,240.89,A,Apr-18,April 2018,2018,FALSE,Individual,debt_consolidation,Debt consolidation,desc
25079,itRzBmLGMfUarLMAyawmjyMyLY3Zs8rWh9T2RFf7jxY=,Current,5000,OH,5000, 36 months,0.0531,150.56,A,Apr-18,April 2018,2018,FALSE,Individual,debt_consolidation,Debt consolidation,desc
82514,HmAgdL/sIHMV/ZV+YnB0RdpiQimeJ39fRLISWe2BIi0=,Current,10000,WI,10000, 36 months,0.0531,301.10999,A,Apr-18,April 2018,2018,FALSE,Individual,major_purchase,Major purchase,desc
264428,BkBLfCwROp3FqnmLttplmFF4UUGfyzH0EVuQumrhqZM=,Current,40000,VA,40000, 36 months,0.0531,1204.42,A,Apr-18,April 2018,2018,FALSE,Individual,debt_consolidation,Debt consolidation,desc
264529,B/cr51PiZtIfzsv4lCbGfTHFV3UCVxn9pahh5T428uk=,Current,40000,CA,40000, 36 months,0.0531,1204.42,A,Apr-18,April 2018,2018,FALSE,Individual,credit_card,Credit card refinancing,desc
51744,Ah20VjM9J6tXOeTdzaGP3fqBIiUeoJptYSO03VZSt2w=,Current,7000,NM,7000, 36 months,0.0531,210.78,A,Apr-18,April 2018,2018,FALSE,Individual,credit_card,Credit card refinancing,desc
56258,qRW13RiAWRfEcI1RLDGFDdVKu3uV4T2VG7U7lBiV/oo=,Current,7200,TX,7200, 36 months,0.0531,216.8,A,Apr-18,April 2018,2018,FALSE,Individual,other,Other,desc
74287,TxpfDMx31n0jSZRCdmzQ2Nsrshdb19vd6rdW6NE4Mj8=,Current,9000,NJ,9000, 36 months,0.0531,271,A,Apr-18,April 2018,2018,FALSE,Individual,credit_card,Credit card refinancing,desc
145365,ERpeM/59+56n3uqFAG/J7xSt5cyx5LeFovIsbSjVNzE=,Current,15000,AZ,15000, 36 months,0.0531,451.66,A,Apr-18,April 2018,2018,FALSE,Individual,credit_card,Credit card refinancing,desc
78161,Xubs0TVwuyqNqE6NKqpMjcahcuidn67vE32jANHN1Rg=,Current,9500,NY,9500, 36 months,0.0531,286.04999,A,Apr-18,April 2018,2018,FALSE,Joint App,debt_consolidation,Debt consolidation,desc
187704,fEYe1Y8ttWN6SdnHq5Zme++9wqsTfa1oEkpODDCBXTY=,Current,20000,KS,20000, 36 months,0.0531,602.21002,A,Apr-18,April 2018,2018,FALSE,Individual,home_improvement,Home improvement,desc
204121,I2gHuOOKIVImdcoZiN6p7YGbvqgmqcgEYraovqkVXEE=,Current,21000,PA,21000, 36 months,0.0531,632.32001,A,Apr-18,April 2018,2018,FALSE,Individual,credit_card,Credit card refinancing,desc
209003,4+EFKbeAL8IKUHaAu2yLzR1OBFYgIGgj3Vg1xeLBnQ8=,Current,22000,CA,22000, 36 months,0.0531,662.42999,A,Apr-18,April 2018,2018,FALSE,Individual,credit_card,Credit card refinancing,desc
38960,fUS4ZgrUtaOBMbEQV1d3uIgCMqbqi8PZy5UUlfSZYDo=,Current,6000,AR,6000, 36 months,0.0531,180.67,A,Apr-18,April 2018,2018,FALSE,Individual,debt_consolidation,Debt consolidation,desc
82459,eD3/jYxHcYQFdj9TZ0XzjxDaqHaBfxHd+iJaO7njpKQ=,Current,10000,OH,10000, 36 months,0.0531,301.10999,A,Apr-18,April 2018,2018,FALSE,Individual,debt_consolidation,Debt consolidation,desc
82467,qSOstcGEAqXOw9MpzYos1FcWFfFR4jIsNkNHIHmNDUw=,Current,10000,MD,10000, 36 months,0.0531,301.10999,A,Apr-18,April 2018,2018,FALSE,Joint App,debt_consolidation,Debt consolidation,desc
145357,pg6FgWRpHFsQtto5jWWC4uYMgQSWQfy2ktnlfKqAwds=,Current,15000,FL,15000, 36 months,0.0531,451.66,A,Apr-18,April 2018,2018,FALSE,Individual,major_purchase,Major purchase,desc
187365,noKt6xNr+86v4mfcbb57zNUVp0W/oTPUZ9tSKW1wMqU=,Current,20000,NY,20000, 36 months,0.0531,602.21002,A,Apr-18,April 2018,2018,FALSE,Individual,credit_card,Credit card refinancing,desc
253575,Nsmrl+jIVjI9b58p8ReVpsqjL1yIPOv4Zng0+XB5cic=,Current,35000,OR,35000, 36 months,0.0531,1053.86,A,Apr-18,April 2018,2018,FALSE,Individual,home_improvement,Home improvement,desc
264512,HH5iwyWi8MbgiumXQbQW7+A3APwrmtXdn5gpGqhUVZg=,Current,40000,TX,40000, 36 months,0.0531,1204.42,A,Apr-18,April 2018,2018,FALSE,Individual,credit_card,Credit card refinancing,desc
25066,39XQpUvTn4WFWuR65Lou7NTvpd6OXuebBtLuGMtjpyg=,Current,5000,OR,5000, 36 months,0.0531,150.56,A,Apr-18,April 2018,2018,FALSE,Individual,credit_card,Credit card refinancing,desc
115692,m2xkLS0RPPGsULiGt+i+h0Kc+KbDaeusPEwodrj8Cm8=,Current,12000,IL,12000, 36 months,0.0531,361.32999,A,Apr-18,April 2018,2018,FALSE,Individual,credit_card,Credit card refinancing,desc
145352,PMg4qwSPGLA2H6Fq2fZFX3PtfkiOid8yqyOWvZyDYeE=,Current,15000,IN,15000, 36 months,0.0531,451.66,A,Apr-18,April 2018,2018,FALSE,Individual,credit_card,Credit card refinancing,desc
208996,I2WIC2kwXDzUG4x2SBHqTw5G7V5uIeEg1NouZiOJTy4=,Current,22000,TX,22000, 36 months,0.0531,662.42999,A,Apr-18,April 2018,2018,FALSE,Individual,credit_card,Credit card refinancing,desc
222193,oiSNWhFC4FsIfkOT5H024caLVUo7tjSsaPdpK3bJY1Q=,Current,25000,AZ,25000, 36 months,0.0531,752.76001,A,Apr-18,April 2018,2018,FALSE,Joint App,debt_consolidation,Debt consolidation,desc
240104,vXJJHztcI9j7KQdGuECn7WVDWtgWf6b2lTymFAu6SBk=,Current,30000,CO,30000, 36 months,0.0531,903.31,A,Apr-18,April 2018,2018,FALSE,Joint App,debt_consolidation,Debt consolidation,desc
38974,ZZOA2jvhYdxxPEK7d0X2UiPcBjyzLOVp/A4q+TB0AEk=,Current,6000,HI,6000, 36 months,0.0531,180.67,A,Apr-18,April 2018,2018,FALSE,Individual,major_purchase,Major purchase,desc
82480,totJPbdUW/T7zFLlD0Fk4erkvZRXkyqVGSM4xqm8aM8=,Current,10000,MI,10000, 36 months,0.0531,301.10999,A,Apr-18,April 2018,2018,FALSE,Individual,credit_card,Credit card refinancing,desc
82492,EqBZhXTy8t/9wOO4atbouEM9eFyDZ+Ik0r2bQppb3s4=,Current,10000,FL,10000, 36 months,0.0531,301.10999,A,Apr-18,April 2018,2018,FALSE,Individual,car,Car financing,desc
1823,J0bQRXFPkZ7B0COFP4Q7mcseDWi+zJz/scQHq/FbiEk=,Fully Paid,1400,FL,1400, 36 months,0.0531,42.16,A,Apr-18,April 2018,2018,FALSE,Individual,other,Other,desc
80961,HWsvTpmjcy4x5OqheYQrGmqh94Ckd7/IEx5ACXYvmxU=,Current,9800,FL,9800, 36 months,0.0531,295.09,A,Apr-18,April 2018,2018,FALSE,Individual,house,Home buying,desc
82440,Hb/WbL5GQOo/WKfoHVqF3u8+iatcegeyQxInLEt03V4=,Current,10000,NY,10000, 36 months,0.0531,301.10999,A,Apr-18,April 2018,2018,FALSE,Individual,credit_card,Credit card refinancing,desc
115666,q8rjUmgqpJYv6JcosXkYisswtrLhlaBW3DqD+/E+4GQ=,Current,12000,IN,12000, 36 months,0.0531,361.32999,A,Apr-18,April 2018,2018,FALSE,Individual,credit_card,Credit card refinancing,desc
129727,FpWoPYYqq7d3CYFkAxoeWRXFeEi7Q2/qWSlcZuK86Io=,Current,12500,PA,12500, 36 months,0.0531,376.38,A,Apr-18,April 2018,2018,FALSE,Individual,credit_card,Credit card refinancing,desc
145076,yvKE0BkRGj6oeok3YbTP4W896S26ermMZCRvGqHSmkU=,Current,15000,FL,15000, 36 months,0.0531,451.66,A,Apr-18,April 2018,2018,FALSE,Individual,other,Other,desc
264545,h+ziaSxaQCaJdD6N0dQH63b4RvQ2gnI2GgliIS8vezg=,Current,40000,MI,40000, 36 months,0.0531,1204.42,A,Apr-18,April 2018,2018,FALSE,Individual,credit_card,Credit card refinancing,desc
264547,VZLJFcwrBOrQ4mKqe+vkFAP1LqM/Ma+F+iyxnOR/3f0=,Current,40000,MA,40000, 36 months,0.0531,1204.42,A,Apr-18,April 2018,2018,FALSE,Individual,home_improvement,Home improvement,desc
38981,ZuvWBbI/9ZHFLTJEpMFgqVoDWqB+0fUUZU5VV6jGXb0=,Fully Paid,6000,VA,6000, 36 months,0.0531,180.67,A,Apr-18,April 2018,2018,FALSE,Individual,home_improvement,Home improvement,desc
109049,B3Ln66hN+f8ndiVJlUICua+pLwFGf/bWaIuCnI0kI+k=,Current,11000,TN,11000, 36 months,0.0531,331.22,A,Apr-18,April 2018,2018,FALSE,Joint App,debt_consolidation,Debt consolidation,desc
137541,3m8P6nfzD3N7gRBCpoA/HkQgT3KbN+/th+lxsc4I4qs=,Current,14000,WA,14000, 36 months,0.0531,421.54999,A,Apr-18,April 2018,2018,FALSE,Individual,debt_consolidation,Debt consolidation,desc
145368,5akCvNaYqtY2V/OSIBcoU2S+tCCZSFeahoD9/ajn76s=,Current,15000,VA,15000, 36 months,0.0531,451.66,A,Apr-18,April 2018,2018,FALSE,Individual,house,Home buying,desc
253576,rwbq8M90BOlbo6VkFwDBVkRkfo+a13ilZ0Kcgi2nFUY=,Current,35000,NJ,35000, 36 months,0.0531,1053.86,A,Apr-18,April 2018,2018,FALSE,Individual,house,Home buying,desc
264514,NkwKfDJfODyQZcE+blvESEUrY7NjqBERxgYWq0W5NkA=,Current,40000,TX,40000, 36 months,0.0531,1204.42,A,Apr-18,April 2018,2018,FALSE,Joint App,credit_card,Credit card refinancing,desc
8968,kgxplF5qkbkjRKA4+urQftvf6582fQZVRYaicKGuPPE=,Current,3000,AL,3000, 36 months,0.0531,90.339996,A,Apr-18,April 2018,2018,FALSE,Individual,other,Other,desc
82516,YANbCZVa/adtr1dpO52zFilB2ME67y0SNza6y/Brnl8=,Current,10000,CO,10000, 36 months,0.0531,301.10999,A,Apr-18,April 2018,2018,FALSE,Individual,credit_card,Credit card refinancing,desc
145355,9rvxOp9xEuAB60s6pm9zKYyJLP3RFyZxBQ3uK2ZZmdk=,Current,15000,MD,15000, 36 months,0.0531,451.66,A,Apr-18,April 2018,2018,FALSE,Individual,debt_consolidation,Debt consolidation,desc
222199,Di8bwr+a/m+333pSKXCe1Nw21yGKo+zg1ip5IGzSVmo=,Current,25000,NM,25000, 36 months,0.0531,752.76001,A,Apr-18,April 2018,2018,FALSE,Individual,debt_consolidation,Debt consolidation,desc
264530,tSOMUDQs9p+f8MJyCPyLykbSxFThPlv4VNRqlffojv8=,Current,40000,CA,40000, 36 months,0.0531,1204.42,A,Apr-18,April 2018,2018,FALSE,Individual,credit_card,Credit card refinancing,desc
264532,GEwrKomww+tUluf/7KKaWWRZzMcTkpdXa9oF950P7fA=,Current,40000,UT,40000, 36 months,0.0531,1204.42,A,Apr-18,April 2018,2018,FALSE,Joint App,credit_card,Credit card refinancing,desc
25069,awAPz8iOyWwHHUYnWxC7kf6nZ3DzoQ8ykz/BKPxog1U=,Fully Paid,5000,FL,5000, 36 months,0.0531,150.56,A,Apr-18,April 2018,2018,FALSE,Individual,credit_card,Credit card refinancing,desc
51746,cktT/0/ZXTO5aGu+EceH/uGAh5rtHCgCBwmiLHAnfxA=,Current,7000,LA,7000, 36 months,0.0531,210.78,A,Apr-18,April 2018,2018,FALSE,Individual,car,Car financing,desc
145379,F3kgVKEupUaCLAT0PwFCXbYNtoyp2OslA8HwTh/gTRM=,Current,15000,WA,15000, 36 months,0.0531,451.66,A,Apr-18,April 2018,2018,FALSE,Individual,credit_card,Credit card refinancing,desc
234739,k23tFTUQdO04WY5eCBtGrGE8HNQidN8PWpAeGaf8G5k=,Current,28000,OK,28000, 36 months,0.0531,843.09003,A,Apr-18,April 2018,2018,FALSE,Individual,home_improvement,Home improvement,desc
253573,0V8jMQVXwCC2VeZW1EDJwX2UNuP1twJv/MDD0VOF9e0=,Current,35000,MA,35000, 36 months,0.0531,1053.86,A,Apr-18,April 2018,2018,FALSE,Individual,debt_consolidation,Debt consolidation,desc
24799,bFAjo2idXpqv9ZXPM0G0QIttZFhdysQOOVS2Ka89YoM=,Current,4975,WA,4975, 36 months,0.0531,149.8,A,Apr-18,April 2018,2018,FALSE,Individual,credit_card,Credit card refinancing,desc
48356,fwpPjhVIXdvx7NZ+7NOn1jfaeEnl9E2GhJ/sGrigw40=,Current,6400,TN,6400, 36 months,0.0531,192.71001,A,Apr-18,April 2018,2018,FALSE,Individual,home_improvement,Home improvement,desc
82526,SPc1POrfwRetKc2U3qA3VJC+odqRFkfqN6oZ1/YZdIQ=,Current,10000,CA,10000, 36 months,0.0531,301.10999,A,Apr-18,April 2018,2018,FALSE,Individual,credit_card,Credit card refinancing,desc
162174,enkwD0UV2afymbbmWNfjWWogOj/teHXJhqMPVnKN4eY=,Current,16000,TX,16000, 36 months,0.0531,481.76999,A,Apr-18,April 2018,2018,FALSE,Individual,debt_consolidation,Debt consolidation,desc
240089,ZrPbu3GnYOJHq86sx1eGapX7IVROZphgHhZYLAd1BPA=,Current,30000,WA,30000, 36 months,0.0531,903.31,A,Apr-18,April 2018,2018,FALSE,Individual,debt_consolidation,Debt consolidation,desc
13698,tpU7CXyHS8yRCi2YchtURZ7FTEEXDqPIqqPBTiFZn4c=,Current,3500,PA,3500, 36 months,0.0531,105.39,A,Apr-18,April 2018,2018,FALSE,Individual,major_purchase,Major purchase,desc
82504,0+sHodqvFSo3DXj4zDt5+xj3xWQfj423ZzSB8gqg1uM=,Current,10000,TX,10000, 36 months,0.0531,301.10999,A,Apr-18,April 2018,2018,FALSE,Individual,debt_consolidation,Debt consolidation,desc
184617,NNxGu8JKvwsAH5wyVUugXyaaEHBgdd9fLfLy5Y+oTsw=,Current,19200,ME,19200, 36 months,0.0531,578.12,A,Apr-18,April 2018,2018,FALSE,Individual,credit_card,Credit card refinancing,desc
209000,HGbfTEt5v8YZ3nqv+xZyfA7A4aHl/6C7BY/hvQ5SyHk=,Current,22000,VA,22000, 36 months,0.0531,662.42999,A,Apr-18,April 2018,2018,FALSE,Individual,debt_consolidation,Debt consolidation,desc
264505,RB2s/9mBzkBwYn/aN9rdd/vBFulx5JVnzO47G3msFtI=,Fully Paid,40000,IL,40000, 36 months,0.0531,1204.42,A,Apr-18,April 2018,2018,FALSE,Individual,other,Other,desc
187715,BIgJF3FdMeBh70AvQwuY3p1xIWW77Clu/8fksLzc94I=,Current,20000,MA,20000, 36 months,0.0531,602.21002,A,Apr-18,April 2018,2018,FALSE,Individual,other,Other,desc
240093,XhlJuLDy/N4Uyd5keUiNQwKzz6v1YlkqNdr19rvDlZE=,Current,30000,VA,30000, 36 months,0.0531,903.31,A,Apr-18,April 2018,2018,FALSE,Individual,debt_consolidation,Debt consolidation,desc
61667,2uTBWZ5zzbDfYHoZjV0qfFCnEwOQ/Vb0JZUB+FSYJ+w=,Current,8000,IN,8000, 36 months,0.0531,240.89,A,Apr-18,April 2018,2018,FALSE,Individual,debt_consolidation,Debt consolidation,desc
115689,B8fcYsP9+3hmfQ/A6+w3zUoZiQmnUf1X7e/TXrfm3rI=,Current,12000,VA,12000, 36 months,0.0531,361.32999,A,Apr-18,April 2018,2018,FALSE,Individual,credit_card,Credit card refinancing,desc
264540,o7fzz8n0jVJrsOTnuvMQQqc12WmOp/yUecGFCIv00pw=,Current,40000,MD,40000, 36 months,0.0531,1204.42,A,Apr-18,April 2018,2018,FALSE,Individual,credit_card,Credit card refinancing,desc
38967,XyW30UqsrGdcJX6euW0NFzDR14vVWcHCLQpNv+Q++uk=,Current,6000,NY,6000, 36 months,0.0531,180.67,A,Apr-18,April 2018,2018,FALSE,Individual,credit_card,Credit card refinancing,desc
162155,gQStvoFeRWwZvLXHg0saHL7+T78+IN5xhgmtzhtiOBQ=,Current,16000,NJ,16000, 36 months,0.0531,481.76999,A,Apr-18,April 2018,2018,FALSE,Individual,credit_card,Credit card refinancing,desc
187681,/mWeED1CcMoJrkimcfIkOC7Uc6i6qbIkNMaKITCRCVg=,Current,20000,AR,20000, 36 months,0.0531,602.21002,A,Apr-18,April 2018,2018,FALSE,Individual,debt_consolidation,Debt consolidation,desc
187721,7FmQCfRulcHgWpCqLauLJwlFctBSom116pwieolfoPY=,Current,20000,NJ,20000, 36 months,0.0531,602.21002,A,Apr-18,April 2018,2018,FALSE,Individual,home_improvement,Home improvement,desc
222191,YrZWX2Q0ZNpK8mdl2DH4goBylJPMqxKVCK6rsvzq+3g=,Current,25000,PA,25000, 36 months,0.0531,752.76001,A,Apr-18,April 2018,2018,FALSE,Individual,major_purchase,Major purchase,desc
74290,Ub6GIVvDb/bQ30DrZdEX45+EXqBjl6GiEH/W5L7AHXQ=,Current,9000,CA,9000, 36 months,0.0531,271,A,Apr-18,April 2018,2018,FALSE,Individual,home_improvement,Home improvement,desc
82513,QMBCWFPij0ziWWdIb6C2wxZXlU8axvC9A9GYEcOJDzg=,Current,10000,WI,10000, 36 months,0.0531,301.10999,A,Apr-18,April 2018,2018,FALSE,Individual,credit_card,Credit card refinancing,desc
208997,ugx/BE18ZmctDxU+bmnqIL9qvXJwfonMF1eR2gWHvUs=,Fully Paid,22000,CA,22000, 36 months,0.0531,662.42999,A,Apr-18,April 2018,2018,FALSE,Individual,credit_card,Credit card refinancing,desc
74281,y83+fEiKMsuYcGs2ObeH4cPrjsXbYmP5B/QQJ5cwNAU=,Current,9000,WV,9000, 36 months,0.0531,271,A,Apr-18,April 2018,2018,FALSE,Individual,major_purchase,Major purchase,desc
74288,jtMLN7ITf7x74GfTaJL7Q+k/wnFRX1acSHytPKZ0hq0=,Current,9000,NY,9000, 36 months,0.0531,271,A,Apr-18,April 2018,2018,FALSE,Individual,credit_card,Credit card refinancing,desc
82458,Vv/mBCQHsShn0V0sQpfi+ZSOa90XrTu2/5mWBpsNobs=,Current,10000,GA,10000, 36 months,0.0531,301.10999,A,Apr-18,April 2018,2018,FALSE,Individual,home_improvement,Home improvement,desc
115684,9lUKLHzDd/Hon6ml6AG7gGdNLoKQSrSK/NUJnSsqRVw=,Current,12000,MD,12000, 36 months,0.0531,361.32999,A,Apr-18,April 2018,2018,FALSE,Joint App,home_improvement,Home improvement,desc
222180,8NVSBWOmvPi6n1/qudCu++ffqCXSzUbOGjz9E/E1nGI=,Current,25000,FL,25000, 36 months,0.0531,752.76001,A,Apr-18,April 2018,2018,FALSE,Individual,debt_consolidation,Debt consolidation,desc
251044,iXiHxj8xm0A5IqlyzomON9VjdwAVJrJVwtdGBlJdwn4=,Current,33000,CA,33000, 36 months,0.0531,993.64001,A,Apr-18,April 2018,2018,FALSE,Joint App,debt_consolidation,Debt consolidation,desc
61681,pYo7DwSI+bBjpeGW8QphYvt+Q5nrgYcIJ5k459oWlJM=,Current,8000,OR,8000, 36 months,0.0531,240.89,A,Apr-18,April 2018,2018,FALSE,Individual,credit_card,Credit card refinancing,desc
129729,ZJ7Ta4hPaSzDS/npudks92SKh2yLcucXB88a1gKV8HA=,Current,12500,CA,12500, 36 months,0.0531,376.38,A,Apr-18,April 2018,2018,FALSE,Individual,major_purchase,Major purchase,desc
172069,W3xA+G3Tm9TO+Uy4PtnFLX0fV055c3+7ak4MiyAwe/A=,Current,17000,CA,17000, 36 months,0.0531,511.88,A,Apr-18,April 2018,2018,FALSE,Individual,credit_card,Credit card refinancing,desc
253567,QI5Yi5QEOwCWSSKihckdWkqzyY3p1Yrhx52XL7FmwR0=,Current,35000,NC,35000, 36 months,0.0531,1053.86,A,Apr-18,April 2018,2018,FALSE,Individual,home_improvement,Home improvement,desc
13699,gQ2aN8gpy2u9/xiKg4y3DO8W6VnPVIC/A6vzBGIccg4=,Current,3500,TX,3500, 36 months,0.0531,105.39,A,Apr-18,April 2018,2018,FALSE,Individual,credit_card,Credit card refinancing,desc
82525,9LayuUIjqXoWIOgsNFPdRZY6F5eXW6skApOvtfmeoUs=,Current,10000,CA,10000, 36 months,0.0531,301.10999,A,Apr-18,April 2018,2018,FALSE,Individual,debt_consolidation,Debt consolidation,desc
37260,0RF6qkoMNcYD5j95O7JZMyLi9VFRKaYYu9ZeWeB9UU8=,Current,5600,OR,5600, 36 months,0.0531,168.62,A,Apr-18,April 2018,2018,FALSE,Individual,debt_consolidation,Debt consolidation,desc
8967,1nHBGzCZX7TdE4wbGr74BM1xKK7mJG1aj/f0Z352WY0=,Current,3000,MI,3000, 36 months,0.0531,90.339996,A,Apr-18,April 2018,2018,FALSE,Individual,other,Other,desc
145381,9wHaFlqzhL55yChX5XO0B7y31HUvOZRYn6KT6T+WBBA=,Current,15000,TX,15000, 36 months,0.0531,451.66,A,Apr-18,April 2018,2018,FALSE,Individual,debt_consolidation,Debt consolidation,desc
21822,Ohlortr+EUrzn8Pd6h2VcWF7kDGEV2YvPg1Y1J2/x7M=,Current,4500,WV,4500, 36 months,0.0531,135.5,A,Apr-18,April 2018,2018,FALSE,Individual,debt_consolidation,Debt consolidation,desc
38983,405pabGASr3ZWW9bOylv4Yw9HHPPuH8e4HtJppHO2DA=,Current,6000,NJ,6000, 36 months,0.0531,180.67,A,Apr-18,April 2018,2018,FALSE,Individual,other,Other,desc
208134,GNj17+/Furw9LwxiycKr3Akm/vTIC4Nm1p3geOheTGA=,Current,21600,MD,21600, 36 months,0.0531,650.39001,A,Apr-18,April 2018,2018,FALSE,Joint App,home_improvement,Home improvement,desc
248636,bbh3VGwxUlb9OO3IYZDZNnendNN3kfcbpAZDD6CQ4zY=,Current,32000,CT,32000, 36 months,0.0531,963.53003,A,Apr-18,April 2018,2018,FALSE,Individual,home_improvement,Home improvement,desc
25086,SYdNMhv9YpUFHAUnz75/m60mXAB8cfaYr9ZV9GMkJcA=,Current,5000,AL,5000, 36 months,0.0531,150.56,A,Apr-18,April 2018,2018,FALSE,Individual,debt_consolidation,Debt consolidation,desc
51743,HNMc/LxIhuZCJInhUXSKe5JoTipLj1XnL0nat8DS/go=,Current,7000,PA,7000, 36 months,0.0531,210.78,A,Apr-18,April 2018,2018,FALSE,Individual,home_improvement,Home improvement,desc
82484,Gip2DIrUFL4mOUKw8KKwjobQLwBVk/X0ZULhux6zbGI=,Current,10000,CT,10000, 36 months,0.0531,301.10999,A,Apr-18,April 2018,2018,FALSE,Individual,credit_card,Credit card refinancing,desc
187692,1zGWuMgf3P5s2hF5/07bHYls1rwOZzE75+Rploj3yS8=,Current,20000,CA,20000, 36 months,0.0531,602.21002,A,Apr-18,April 2018,2018,FALSE,Individual,credit_card,Credit card refinancing,desc
35799,BJh1ov9jel/kiO41T6SQmGzwOB3KbMzEC1x6jbijLo4=,Current,5400,CA,5400, 36 months,0.0531,162.60001,A,Apr-18,April 2018,2018,FALSE,Individual,credit_card,Credit card refinancing,desc
82500,6BzpO1ZVhQQ7lo/C5biQyMAkGlsC2f0kINWD+wzszBg=,Current,10000,TX,10000, 36 months,0.0531,301.10999,A,Apr-18,April 2018,2018,FALSE,Individual,home_improvement,Home improvement,desc
115677,TgjpaYEO8TKAFuwlA2jZX3laRaBxCqlvTS9FmiQudBU=,Current,12000,VA,12000, 36 months,0.0531,361.32999,A,Apr-18,April 2018,2018,FALSE,Individual,debt_consolidation,Debt consolidation,desc
264507,GBipgMFyGXNbuMJkCKW11PSX1aFTNLhJcdOjrkGziP8=,Current,40000,IL,40000, 36 months,0.0531,1204.42,A,Apr-18,April 2018,2018,FALSE,Individual,credit_card,Credit card refinancing,desc
115678,PTxu9K4RMM7EWSfqzd+ZqOHANNXbgbEv/WfSeFAPM1I=,Current,12000,CO,12000, 36 months,0.0531,361.32999,A,Apr-18,April 2018,2018,FALSE,Individual,credit_card,Credit card refinancing,desc
183412,SsycqggeBxKVczUsdnl7qRIHXVDLZnJo6GP2u2u1/JQ=,Current,19000,TX,19000, 36 months,0.0531,572.09998,A,Apr-18,April 2018,2018,FALSE,Individual,debt_consolidation,Debt consolidation,desc
264557,QrW9qdK/Hd29+CxcGaPvGHBsfQOkU7EBmOiOOHPJiEQ=,Current,40000,WI,40000, 36 months,0.0531,1204.42,A,Apr-18,April 2018,2018,FALSE,Individual,small_business,Business,desc
2035,rLvIH9LW51BJlPCg2bHH2NQKpPFHdaZQCSeBLajxmgk=,Current,1500,CA,1500, 36 months,0.0531,45.169998,A,Apr-18,April 2018,2018,FALSE,Individual,other,Other,desc
51734,jNiuEywwaCOe5Ub60C75TGD4r5itKDQzYEJy4OKNC+c=,Current,7000,TX,7000, 36 months,0.0531,210.78,A,Apr-18,April 2018,2018,FALSE,Individual,debt_consolidation,Debt consolidation,desc
24564,NUmm3hv+IoxmZDRo673xvYvExShn48XsxjaNVzL103k=,Current,4850,GA,4850, 36 months,0.0531,146.03999,A,Apr-18,April 2018,2018,FALSE,Individual,small_business,Business,desc
204118,+0heZwyJiIk4lbtq/GPg3mYvyL4SKET9Y9QzVvI8+14=,Current,21000,FL,21000, 36 months,0.0531,632.32001,A,Apr-18,April 2018,2018,FALSE,Individual,debt_consolidation,Debt consolidation,desc
253577,QSxUjZxzNr2MWGbG/VCPEVNDRY3ZIHN5mLcUWJfias8=,Current,35000,NJ,35000, 36 months,0.0531,1053.86,A,Apr-18,April 2018,2018,FALSE,Individual,debt_consolidation,Debt consolidation,desc
61679,VJucq0XZe6A9kD03V22KXjZHH7CgWAVxngvS/LHVXdQ=,Current,8000,OH,8000, 36 months,0.0531,240.89,A,Apr-18,April 2018,2018,FALSE,Individual,car,Car financing,desc
82472,AUEoMsLDUqBJ6rDbGiZu/t4g+xkkwnAkxMXKbcn0L4E=,Current,10000,OH,10000, 36 months,0.0531,301.10999,A,Apr-18,April 2018,2018,FALSE,Individual,credit_card,Credit card refinancing,desc
82477,g75cVkoqZMmhb7me0qG6KcwPKgvH1NdAStoiYi5D7MY=,Current,10000,GA,10000, 36 months,0.0531,301.10999,A,Apr-18,April 2018,2018,FALSE,Individual,debt_consolidation,Debt consolidation,desc
113594,nZRH8T03h3Ofbert6M+HXKxpKy51lae3xDNde+xQGpA=,Current,11500,MN,11500, 36 months,0.0531,346.26999,A,Apr-18,April 2018,2018,FALSE,Individual,credit_card,Credit card refinancing,desc
61680,sw0K8NaOULd4rQ5a1pxoC5jlY2KDNa8f4hBsS3ODC38=,Current,8000,OH,8000, 36 months,0.0531,240.89,A,Apr-18,April 2018,2018,FALSE,Individual,debt_consolidation,Debt consolidation,desc
115685,0LcHk1MwdnQ1USZKXw49fJa8gMBg4dAZlY16fVE8FyI=,Current,12000,IN,12000, 36 months,0.0531,361.32999,A,Apr-18,April 2018,2018,FALSE,Individual,home_improvement,Home improvement,desc
145366,1DJ9ji746YBRhTfdv4gcgtjoI/HlekYVsKwyo4MgNNo=,Current,15000,KY,15000, 36 months,0.0531,451.66,A,Apr-18,April 2018,2018,FALSE,Joint App,debt_consolidation,Debt consolidation,desc
61675,60ZX4HxnNnO63mpCPUq5Qc4ftSRy2hcRGyOI5pl6Kx8=,Current,8000,CA,8000, 36 months,0.0531,240.89,A,Apr-18,April 2018,2018,FALSE,Individual,debt_consolidation,Debt consolidation,desc
132425,bpDI7grqC1FnG3HwlD+Y+RRkaS29d/20T/l6JpuPKiA=,Current,13000,UT,13000, 36 months,0.0531,391.44,A,Apr-18,April 2018,2018,FALSE,Individual,other,Other,desc
145374,iBWLaCijfsv00xgPWBUYB3kTOvb6djT5LQdegN3hfUs=,Current,15000,MA,15000, 36 months,0.0531,451.66,A,Apr-18,April 2018,2018,FALSE,Joint App,debt_consolidation,Debt consolidation,desc
187683,U2u2Ff6NCF2Km1wnWkkNRGKolBtQ/t9qGhx646ueR80=,Current,20000,VT,20000, 36 months,0.0531,602.21002,A,Apr-18,April 2018,2018,FALSE,Joint App,debt_consolidation,Debt consolidation,desc
58498,+3wdtcXFDNwFS47nqKJyKOaUe6kL6rlAybX8lS9lZoc=,Current,7500,OR,7500, 36 months,0.0531,225.83,A,Apr-18,April 2018,2018,FALSE,Individual,debt_consolidation,Debt consolidation,desc
61684,A736i6+pL30a4RsvI9oUAXvpM7DXAICXJdTQ8CqpWTs=,Current,8000,NY,8000, 36 months,0.0531,240.89,A,Apr-18,April 2018,2018,FALSE,Individual,debt_consolidation,Debt consolidation,desc
187677,GdkixZc/C155rldYxWqT7xzv+DLSqR2K+5OsKzE1EUI=,Current,20000,MI,20000, 36 months,0.0531,602.21002,A,Apr-18,April 2018,2018,FALSE,Individual,debt_consolidation,Debt consolidation,desc
222204,WskgbI3Zsra72MsmoriQWx3wQxbzeO9f+mQG/jRterU=,Current,25000,LA,25000, 36 months,0.0531,752.76001,A,Apr-18,April 2018,2018,FALSE,Individual,debt_consolidation,Debt consolidation,desc
267242,+ZQDp86XJoUaWj6BMQwKqCSnBoSyo4F6uvTFSscm6nw=,Current,40000,MA,40000, 60 months,0.0531,760.54999,A,Apr-18,April 2018,2018,FALSE,Individual,credit_card,Credit card refinancing,desc
16725,Dy3ku4U5SyZxL///V6xN5LSSi34jQf/S00+SZMfkORo=,Current,4000,KS,4000, 36 months,0.0531,120.45,A,Apr-18,April 2018,2018,FALSE,Individual,debt_consolidation,Debt consolidation,desc
264517,phZ9NAEMDHcsVHvmjWTCO4H8kdoI2oDc0lkQCzfalPE=,Current,40000,KS,40000, 36 months,0.0531,1204.42,A,Apr-18,April 2018,2018,FALSE,Individual,debt_consolidation,Debt consolidation,desc
264521,9WdDkFgBSVZFmdTc7OM9LHqTvewM6ZJlalt0iY7NkB8=,Current,40000,NY,40000, 36 months,0.0531,1204.42,A,Apr-18,April 2018,2018,FALSE,Individual,credit_card,Credit card refinancing,desc
58499,/ye6ad+io44CBgciqs6lXFo5Sew2BDsXyu42rGH00gw=,Current,7500,MN,7500, 36 months,0.0531,225.83,A,Aug-18,August 2018,2018,FALSE,Individual,debt_consolidation,Debt consolidation,desc
115687,mQngu3zNuQBhxtWL3QjjxlDPxpOXM79ZXy0nqDvaqN4=,Current,12000,GA,12000, 36 months,0.0531,361.32999,A,Feb-18,February 2018,2018,FALSE,Individual,credit_card,Credit card refinancing,desc
115690,Zzld8a1cIw6dsW73j3ZynnL7BKNv0vlVbSxd9HDKV7o=,Current,12000,VA,12000, 36 months,0.0531,361.32999,A,Feb-18,February 2018,2018,FALSE,Individual,credit_card,Credit card refinancing,desc
204124,G4A7Pbs4xm2f6oc+GJmX+HQGQuY3I7rcstiHauCzvvA=,Current,21000,CO,21000, 36 months,0.0531,632.32001,A,Feb-18,February 2018,2018,FALSE,Joint App,credit_card,Credit card refinancing,desc
61683,IbRCncVjdOxkXqJB6GgqvyDwD0l/60Fvy1ZT7SkVWik=,Current,8000,TX,8000, 36 months,0.0531,240.89,A,Feb-18,February 2018,2018,FALSE,Individual,debt_consolidation,Debt consolidation,desc
82515,xzIqtflWzsY/0IeBQ8m4O8R2E0jDi82S2atZQlj60AA=,Current,10000,CO,10000, 36 months,0.0531,301.10999,A,Feb-18,February 2018,2018,FALSE,Individual,credit_card,Credit card refinancing,desc
145372,+wuWhGyODeI2ig47mBndmMPyTB9kUgkeqSjlh73zXpM=,Current,15000,PA,15000, 36 months,0.0531,451.66,A,Feb-18,February 2018,2018,FALSE,Individual,home_improvement,Home improvement,desc
51741,fmPGrq4JdnoCxb1RxN6zLkoTrLJF73W/KsQC+tfomYI=,Current,7000,VA,7000, 36 months,0.0531,210.78,A,Feb-18,February 2018,2018,FALSE,Individual,credit_card,Credit card refinancing,desc
105881,/NLawP94cplkrm8gSLM00uyrDx+S1U5nw+1X0ROMx48=,Current,10500,IN,10500, 36 months,0.0531,316.16,A,Feb-18,February 2018,2018,FALSE,Individual,credit_card,Credit card refinancing,desc
109048,5ySNaLPArJx+f4HEx6b/YJQkpL0JdDmgQg6W06omNUk=,Current,11000,VA,11000, 36 months,0.0531,331.22,A,Feb-18,February 2018,2018,FALSE,Individual,debt_consolidation,Debt consolidation,desc
222209,JuOUp9L9YCD60lGitc5QkXii/bDXxYq7voO1Atibx4M=,Current,25000,AZ,25000, 36 months,0.0531,752.76001,A,Feb-18,February 2018,2018,FALSE,Joint App,debt_consolidation,Debt consolidation,desc
50483,iS3B+Gnbe5qTBHdXI6dfa8RjdxGCDroPg7jYBW2l/F8=,Current,6600,MO,6600, 36 months,0.0531,198.73,A,Feb-18,February 2018,2018,FALSE,Individual,credit_card,Credit card refinancing,desc
56257,/uSXThSXcb38nzaYhHkMUHICZNDAfJhVrIiUp5itF3A=,Current,7200,MD,7200, 36 months,0.0531,216.8,A,Feb-18,February 2018,2018,FALSE,Individual,house,Home buying,desc
222195,qRZvBk01tMY4v0AnrB4oCiiudG6N8FXOnQImKVaYU/s=,Current,25000,NH,25000, 36 months,0.0531,752.76001,A,Feb-18,February 2018,2018,FALSE,Joint App,debt_consolidation,Debt consolidation,desc
187703,yEGHrKul+LOmY9gEMUbCwTxbbJCRfMQt/1fgPF/Bu5I=,Current,20000,AR,20000, 36 months,0.0531,602.21002,A,Feb-18,February 2018,2018,FALSE,Individual,credit_card,Credit card refinancing,desc
262400,Gd5ag5SsSZAIQi2jYrIYydv8x+MNaI6oeAhpEXoq2JU=,Current,36000,MA,36000, 36 months,0.0531,1083.98,A,Feb-18,February 2018,2018,FALSE,Individual,home_improvement,Home improvement,desc
222182,iXG8F5j+uaayBOo+5RdFNm7+iVuwkWjqoY+3KwlfJPM=,Current,25000,NY,25000, 36 months,0.0531,752.76001,A,Feb-18,February 2018,2018,FALSE,Joint App,debt_consolidation,Debt consolidation,desc
37261,aPzJ+8+q51djWVTfzQ+G2LBeBfIV1+a0oTEICh9twJ8=,Current,5600,FL,5600, 36 months,0.0531,168.62,A,Feb-18,February 2018,2018,FALSE,Joint App,home_improvement,Home improvement,desc
115682,6p1oaCPJ6ONXi92nN3fjeH9ymfQ7bR52xpyTvgGQtww=,Current,12000,WV,12000, 36 months,0.0531,361.32999,A,Feb-18,February 2018,2018,FALSE,Joint App,debt_consolidation,Debt consolidation,desc
154430,AS8+btrtcV5R8X0DJoPVeVIxIrPdAm/EF+2G2w78PQY=,Current,15000,AL,15000, 60 months,0.0531,285.20999,A,Feb-18,February 2018,2018,FALSE,Individual,debt_consolidation,Debt consolidation,desc
51742,cI+X5lL5/ObmpHKwJtpQUXDCSxCz7f7WT5coDWxf4Rs=,Current,7000,DC,7000, 36 months,0.0531,210.78,A,Feb-18,February 2018,2018,FALSE,Individual,credit_card,Credit card refinancing,desc
61666,kBEfeI46FOkqYEFNp+QjDNB3Pkm/kpwVXnTrqEzdqgg=,Current,8000,MA,8000, 36 months,0.0531,240.89,A,Feb-18,February 2018,2018,FALSE,Individual,credit_card,Credit card refinancing,desc
240092,57+Zg8GANl5rLlnvobX0bJEw7ULIONU7d1bTg5ayApo=,Fully Paid,30000,CA,30000, 36 months,0.0531,903.31,A,Feb-18,February 2018,2018,FALSE,Individual,major_purchase,Major purchase,desc
137537,FYKfsBhbIm03Vemmszdzc8b1slACfbMNwZnH1CAZFIk=,Current,14000,LA,14000, 36 months,0.0531,421.54999,A,Feb-18,February 2018,2018,FALSE,Individual,debt_consolidation,Debt consolidation,desc
71969,mm6scuMU9mrGlZ88AfEBetkz5611K728PWF2hyTvI4A=,Current,8500,MA,8500, 36 months,0.0531,255.94,A,Feb-18,February 2018,2018,FALSE,Individual,other,Other,desc
145363,k3EuTF6xiLbKyxZoXNOx2RNjXXl1ulrC5Z1cqcgtUP8=,Current,15000,CO,15000, 36 months,0.0531,451.66,A,Feb-18,February 2018,2018,FALSE,Joint App,credit_card,Credit card refinancing,desc
81243,a5cxLp8JnxdRso75JOq1NchuxoRQ28yrjOi+vmB9Atw=,Current,9850,NY,9850, 36 months,0.0531,296.59,A,Feb-18,February 2018,2018,FALSE,Individual,debt_consolidation,Debt consolidation,desc
82473,JKJnJP3vcOWSOc0RtFzmpGQSdiJ3jXRpAldIhHHPzF4=,Current,10000,GA,10000, 36 months,0.0531,301.10999,A,Feb-18,February 2018,2018,FALSE,Individual,credit_card,Credit card refinancing,desc
78837,2Ab1E1HjBllj8S0rntqVubnZRuJzah1HmUfGf20lHec=,Current,9600,GA,9600, 36 months,0.0531,289.06,A,Feb-18,February 2018,2018,FALSE,Individual,credit_card,Credit card refinancing,desc
145369,uuukHBN/NIS4Kwe0/aEw4uC+m8JE9qA2U00t7jq5bOw=,Fully Paid,15000,VA,15000, 36 months,0.0531,451.66,A,Feb-18,February 2018,2018,FALSE,Individual,debt_consolidation,Debt consolidation,desc
253562,Mnpdf21DI9C3zMK6n1aPE9r8JKVUPzwOgeQv44WPIaQ=,Current,35000,ME,35000, 36 months,0.0531,1053.86,A,Jul-18,July 2018,2018,FALSE,Individual,debt_consolidation,Debt consolidation,desc
253570,y/MMCz8pvCb2qEvbMMhOoYhPcciHiWsPHq4qyx3i8gU=,Current,35000,CT,35000, 36 months,0.0531,1053.86,A,Jul-18,July 2018,2018,FALSE,Individual,debt_consolidation,Debt consolidation,desc
187678,MuRrG7qHK5c7NO4mNfa06dBEdiuRf5Zpr72fnsCxbu4=,Current,20000,IL,20000, 36 months,0.0531,602.21002,A,Jul-18,July 2018,2018,FALSE,Individual,moving,Moving and relocation,desc
214525,1BRv8yxv0Vv2e5+/ZGRwwf9eFOuOeEGTT+JI/kzEbGE=,Current,24000,CA,24000, 36 months,0.0531,722.65002,A,Jul-18,July 2018,2018,FALSE,Individual,debt_consolidation,Debt consolidation,desc
262406,BsWcVzSocqZVXKy5jHWAt/4YGZJ93p+x9xKdchANUDc=,Current,36000,CA,36000, 36 months,0.0531,1083.98,A,Jul-18,July 2018,2018,FALSE,Individual,debt_consolidation,Debt consolidation,desc
145370,Dd+GrBggcsbXXYawNXf2m3FJksDD6PIb+Lu0rU+sc4w=,Current,15000,MI,15000, 36 months,0.0531,451.66,A,Jul-18,July 2018,2018,FALSE,Individual,credit_card,Credit card refinancing,desc
264535,CwZgs5EA81SkuR/gxrOHhyh2bfpeYkCc6rjkmHCJOfo=,Current,40000,WV,40000, 36 months,0.0531,1204.42,A,Jul-18,July 2018,2018,FALSE,Joint App,home_improvement,Home improvement,desc
69831,jwZpsQjnbUI7sOpmVxdmTJdImlmHFTum7waB1feifUY=,Current,8025,MI,8025, 36 months,0.0531,241.64,A,Jul-18,July 2018,2018,FALSE,Individual,credit_card,Credit card refinancing,desc
222174,5Br/xPJgQf1e5K6JxuUQtoZ/8av1lgoQEBPVs2Kykfc=,Current,25000,MA,25000, 36 months,0.0531,752.76001,A,Jul-18,July 2018,2018,FALSE,Individual,debt_consolidation,Debt consolidation,desc
262405,ds3LLDLYW4KkiIfCsJDDa/+Dw23pAA4+BMpVHNhHcZc=,Fully Paid,36000,AZ,36000, 36 months,0.0531,1083.98,A,Jul-18,July 2018,2018,FALSE,Individual,credit_card,Credit card refinancing,desc
35800,zeHuVFsLcZbUVno2bZ6RuouwdXB3gW/jJcoZoIV+MtA=,Current,5400,GA,5400, 36 months,0.0531,162.60001,A,Jul-18,July 2018,2018,FALSE,Individual,credit_card,Credit card refinancing,desc
145075,n0rLiJ2VLBnswIyS2xN4HEoLyxYjm7e0t4u7qCQVzK4=,Current,15000,CA,15000, 36 months,0.0531,451.66,A,Jul-18,July 2018,2018,FALSE,Individual,debt_consolidation,Debt consolidation,desc
240103,vM8VAyJe3Xj5ML/QQaWr3Zbj+JIn6W027E6x+eMiFHE=,Current,30000,WI,30000, 36 months,0.0531,903.31,A,Jul-18,July 2018,2018,FALSE,Individual,debt_consolidation,Debt consolidation,desc
187716,+35lZG+n9G1846SCfhNKZUIMD/jE34KzX6q16LjXyD4=,Current,20000,FL,20000, 36 months,0.0531,602.21002,A,Jul-18,July 2018,2018,FALSE,Individual,credit_card,Credit card refinancing,desc
264193,lZ9MAYg6eAGyM7YlWkFlCDRai4M9OnsyYCBApWisCT8=,Current,39100,FL,39100, 36 months,0.0531,1177.3199,A,Jul-18,July 2018,2018,FALSE,Individual,debt_consolidation,Debt consolidation,desc
222184,IcI1km23TPS3EOj/TXi5IO4RWhURhcW0QWFaFN7n2zY=,Current,25000,CA,25000, 36 months,0.0531,752.76001,A,Jul-18,July 2018,2018,FALSE,Joint App,debt_consolidation,Debt consolidation,desc
251181,VyYxW7yjfhLIABENokSTerWmT9+WgO1Fq9uXvmq+GDE=,Current,33000,CT,33000, 60 months,0.0531,627.45001,A,Jul-18,July 2018,2018,FALSE,Individual,debt_consolidation,Debt consolidation,desc
143580,T6UsxSrLiT7VpwU1XeqnwuG2i48YHHsglcdZvPOrGCs=,Current,14500,FL,14500, 60 months,0.0531,275.70001,A,Jul-18,July 2018,2018,FALSE,Individual,credit_card,Credit card refinancing,desc
38971,yMWdAsBqd7rl2GsFQwkvFTRojZgoecjNNs1SRAqJwSg=,Current,6000,NC,6000, 36 months,0.0531,180.67,A,Jul-18,July 2018,2018,FALSE,Individual,credit_card,Credit card refinancing,desc
187680,fes5g66ZSeCtMLty6cTP6WvH5hYISGk45aFTC808AX8=,Current,20000,IN,20000, 36 months,0.0531,602.21002,A,Jul-18,July 2018,2018,FALSE,Individual,debt_consolidation,Debt consolidation,desc
187676,E9xZhcQsZzcgMwao5jwn3hK2bel1CYdNBXuMIgplGgc=,Current,20000,MI,20000, 36 months,0.0531,602.21002,A,Jul-18,July 2018,2018,FALSE,Individual,debt_consolidation,Debt consolidation,desc
115691,Lbk4DwhosNf5STiqB1ZIe3PwrrwcnNTn04pqX9bDbtQ=,Current,12000,VA,12000, 36 months,0.0531,361.32999,A,Jul-18,July 2018,2018,FALSE,Individual,credit_card,Credit card refinancing,desc
253557,viX7d4vmkuUGBNL9Ql4Ds/gXYWk6k9t6WxteYu7Ftkw=,Current,35000,FL,35000, 36 months,0.0531,1053.86,A,Jul-18,July 2018,2018,FALSE,Joint App,home_improvement,Home improvement,desc
115701,3OnE406DoscqMc2dBidZVAaDfb2WsnGOR4yCj6QKrhs=,Current,12000,AZ,12000, 36 months,0.0531,361.32999,A,Jul-18,July 2018,2018,FALSE,Individual,debt_consolidation,Debt consolidation,desc
243378,bMKFsGOWtmOvvUOlIYB3l7Fr2njlEkB6hzuG7o46QZI=,Current,30000,NY,30000, 60 months,0.0531,570.40997,A,Jul-18,July 2018,2018,FALSE,Joint App,debt_consolidation,Debt consolidation,desc
82432,jt/cYEguFIdCuiMraHMGDFaLDZy75WR9wUy3kpUxAh4=,Current,10000,FL,10000, 36 months,0.0531,301.10999,A,Jul-18,July 2018,2018,FALSE,Individual,debt_consolidation,Debt consolidation,desc
115681,fOjmTIv9wWtChvulyjJSNrKYYhVyvkF8jBzf9BNx7cs=,Current,12000,OH,12000, 36 months,0.0531,361.32999,A,Jul-18,July 2018,2018,FALSE,Individual,debt_consolidation,Debt consolidation,desc
82454,QdPAORPEEYo1eFUEVoU/jM1AGX3fVgjrOa4UoXkwrOY=,Current,10000,PA,10000, 36 months,0.0531,301.10999,A,Jul-18,July 2018,2018,FALSE,Individual,debt_consolidation,Debt consolidation,desc
145353,jCQ6DIFFp7knphWDirB85xLwODVZmn6gyUNTelWVolA=,Current,15000,TX,15000, 36 months,0.0531,451.66,A,Jul-18,July 2018,2018,FALSE,Individual,credit_card,Credit card refinancing,desc
58502,m5GechQL/hUf8nal+4P9ipcgLBsqEn6wSUnvPUXyE2k=,Current,7500,FL,7500, 36 months,0.0531,225.83,A,Jul-18,July 2018,2018,FALSE,Individual,debt_consolidation,Debt consolidation,desc
74284,3JLWqxPHIcZI+czgtUUtFh4lbijmr3rCOsAXaZSN/NU=,Current,9000,ME,9000, 36 months,0.0531,271,A,Jul-18,July 2018,2018,FALSE,Individual,debt_consolidation,Debt consolidation,desc
82422,qZoR3Gi3huHxx19ireM/W9JJm0ZQQ8S6hFacagPaAaY=,Fully Paid,10000,IN,10000, 36 months,0.0531,301.10999,A,Jul-18,July 2018,2018,FALSE,Individual,credit_card,Credit card refinancing,desc
176233,ZTrkKt8IZve4I0/Sxa1e7YIVqFVI8DSehIJoyez4Jiw=,Current,18000,NY,18000, 36 months,0.0531,541.98999,A,Jul-18,July 2018,2018,FALSE,Individual,debt_consolidation,Debt consolidation,desc
187700,ZUSz8l6y0SamSuQER2kkGeAP6cty5JxamQtqcOJhZwo=,Current,20000,NH,20000, 36 months,0.0531,602.21002,A,Jul-18,July 2018,2018,FALSE,Individual,credit_card,Credit card refinancing,desc
267243,9dH9EYvfNXkXdIAaIc+WnGDOV7o2imxU6+30Acw2cgo=,Current,40000,MO,40000, 60 months,0.0531,760.54999,A,Jul-18,July 2018,2018,FALSE,Individual,debt_consolidation,Debt consolidation,desc
82453,hQ5//OQ2EXvrvbfjzK6zczN1zeUtLWrHG1AXSuz9uag=,Current,10000,LA,10000, 36 months,0.0531,301.10999,A,Jul-18,July 2018,2018,FALSE,Individual,credit_card,Credit card refinancing,desc
82498,Lf+xfVrqhLn10RurS6hy6KrJ6b5uKhBSjDQgHnWabCk=,Current,10000,TX,10000, 36 months,0.0531,301.10999,A,Jul-18,July 2018,2018,FALSE,Individual,debt_consolidation,Debt consolidation,desc
82446,viuWnPZ/PMermcdPU1STUgygUX71QEQlK827YazeR8Q=,Current,10000,UT,10000, 36 months,0.0531,301.10999,A,Jul-18,July 2018,2018,FALSE,Individual,credit_card,Credit card refinancing,desc
222185,7nVtBtZKlGP6F+60iMHcMcTYNmiMIhGeIFhYBt9SvZE=,Current,25000,CA,25000, 36 months,0.0531,752.76001,A,Jul-18,July 2018,2018,FALSE,Joint App,debt_consolidation,Debt consolidation,desc
25088,q3JCd/RLHQeAe7dmeFHhfHw0Qakx3rED4KBsmiLHVQI=,Current,5000,TX,5000, 36 months,0.0531,150.56,A,Jul-18,July 2018,2018,FALSE,Individual,credit_card,Credit card refinancing,desc
264519,hOAmp1KhD8f1srQVPs3D0m+UoNWVYHyFRVirSm3xDpQ=,Current,40000,NY,40000, 36 months,0.0531,1204.42,A,Jul-18,July 2018,2018,FALSE,Individual,debt_consolidation,Debt consolidation,desc
264544,IGLammX9HTMD+Nqd8HxMubYZBmvXN/0HDSzBPcwe1Rs=,Current,40000,VA,40000, 36 months,0.0531,1204.42,A,Jul-18,July 2018,2018,FALSE,Individual,credit_card,Credit card refinancing,desc
82505,9jI1p+0v0P/rc9JI4qTm475HHsYczShmTRRm71I3lms=,Current,10000,NY,10000, 36 months,0.0531,301.10999,A,Jul-18,July 2018,2018,FALSE,Individual,credit_card,Credit card refinancing,desc
135986,Z15PnV/ujpxdBs4MlmtJLFKjt4nc0+l4m3KtLfp3uLY=,Current,13500,PA,13500, 36 months,0.0531,406.48999,A,Jul-18,July 2018,2018,FALSE,Individual,credit_card,Credit card refinancing,desc
8301,Fubj9zvz/5Ik/ZNYb22feAEMUza45dS+2+yXxi4eg58=,Current,2750,TX,2750, 36 months,0.0531,82.809998,A,Jul-18,July 2018,2018,FALSE,Individual,credit_card,Credit card refinancing,desc
36214,tVLwumIwSmojD3mIZIrbLR7GLzHWdadtcQyBH43ZzE8=,Current,5500,IL,5500, 36 months,0.0531,165.61,A,Jul-18,July 2018,2018,FALSE,Individual,credit_card,Credit card refinancing,desc
240087,vkBHFv8qbiXuz0u89oOBbM4bwWLPdT9HgPXoMz3b5Ac=,Current,30000,FL,30000, 36 months,0.0531,903.31,A,Jul-18,July 2018,2018,FALSE,Individual,debt_consolidation,Debt consolidation,desc
25080,MxRgVbqJUugiLBzdpg1yh45HEMtdSnBGLNmPUEM5sl4=,Current,5000,KY,5000, 36 months,0.0531,150.56,A,Jul-18,July 2018,2018,FALSE,Individual,credit_card,Credit card refinancing,desc
264510,1kcx8c8C6NqPOOEkkJRDMVtwr4zMcYPfYaLr3qFYd38=,Current,40000,AR,40000, 36 months,0.0531,1204.42,A,Jun-18,June 2018,2018,FALSE,Individual,credit_card,Credit card refinancing,desc
82521,73KYucdu9oMn86YvAvO0aL/vlY/5C9igAb+fNhlvB/I=,Current,10000,CA,10000, 36 months,0.0531,301.10999,A,Jun-18,June 2018,2018,FALSE,Individual,credit_card,Credit card refinancing,desc
115673,+L+21NWEG3hCRYhkkuyeR5J+dq6rMk7p/MTAy1KVzwU=,Current,12000,CA,12000, 36 months,0.0531,361.32999,A,Jun-18,June 2018,2018,FALSE,Joint App,debt_consolidation,Debt consolidation,desc
13700,jPevW3VHCThlF4qYZBpSBW99QvHZhgC040tqL1eC+5E=,Current,3500,CA,3500, 36 months,0.0531,105.39,A,Jun-18,June 2018,2018,FALSE,Individual,debt_consolidation,Debt consolidation,desc
56120,nD827XhYZ8U6COgOwtyiYn3SUUqoX7etOBX+QkisXN0=,Current,7150,TX,7150, 36 months,0.0531,215.28999,A,Jun-18,June 2018,2018,FALSE,Individual,credit_card,Credit card refinancing,desc
77733,BdwkvtEE5NuNnk0GGf7VYVgjoKYA7PMlrBkLlPLYc6w=,Current,9300,CA,9300, 36 months,0.0531,280.03,A,Jun-18,June 2018,2018,FALSE,Individual,credit_card,Credit card refinancing,desc
82051,6sTVNz3gGJKTPieo1SmiVHaxJ4RVh98rjMfXr1l/u84=,Current,10000,CT,10000, 36 months,0.0531,301.10999,A,Jun-18,June 2018,2018,FALSE,Individual,debt_consolidation,Debt consolidation,desc
145391,KcUpS5YKgUvr6Bt4DJRG3x+ZPOwWRevepK0P1f56jt8=,Current,15000,CA,15000, 36 months,0.0531,451.66,A,Jun-18,June 2018,2018,FALSE,Individual,debt_consolidation,Debt consolidation,desc
137538,ynGC46OYV/DoPVs1IEhmJr9OeHRoo69Kb+xSKNJQo48=,Current,14000,MI,14000, 36 months,0.0531,421.54999,A,Jun-18,June 2018,2018,FALSE,Individual,credit_card,Credit card refinancing,desc
264527,vjlMdiRi6igxa+LoY5QvyMottz0jMDQsXHhoT9uddcM=,Current,40000,CA,40000, 36 months,0.0531,1204.42,A,Jun-18,June 2018,2018,FALSE,Joint App,debt_consolidation,Debt consolidation,desc
145354,mDWP1a9R7ucGySSNUq5Vo1ZE/I2GKVsGKbP9jWmhdZk=,Current,15000,TX,15000, 36 months,0.0531,451.66,A,Jun-18,June 2018,2018,FALSE,Individual,credit_card,Credit card refinancing,desc
187709,cQrZGKuuYVqxDiVHvJlOMtdL7SYkLR1W69K1tRTtn5U=,Current,20000,GA,20000, 36 months,0.0531,602.21002,A,Jun-18,June 2018,2018,FALSE,Individual,debt_consolidation,Debt consolidation,desc
38985,jiww4nW6y+b9WSHc5sDXJW3K8aQolBYUJzq1cggyXJI=,Current,6000,CA,6000, 36 months,0.0531,180.67,A,Jun-18,June 2018,2018,FALSE,Individual,credit_card,Credit card refinancing,desc
82438,UIkWWkUy3tCP3uq+aD6yt/6FmsP9c2cQbYupJx8OI9M=,Current,10000,FL,10000, 36 months,0.0531,301.10999,A,Jun-18,June 2018,2018,FALSE,Individual,credit_card,Credit card refinancing,desc
82489,nKV+UcdvaU0UfDCuh9TOKF0R+SAzUJACs9HY30Oa7nw=,Current,10000,MA,10000, 36 months,0.0531,301.10999,A,Jun-18,June 2018,2018,FALSE,Individual,credit_card,Credit card refinancing,desc
172067,Mjz0iNX0YEZl3kseKa8iOPbNr7BsI1t1RRVe//0xMDE=,Current,17000,MT,17000, 36 months,0.0531,511.88,A,Jun-18,June 2018,2018,FALSE,Individual,credit_card,Credit card refinancing,desc
187714,aFcDgTixT/EHeOR7B5BJC1CHqGXS0woLnGCRpyJPpWw=,Current,20000,SC,20000, 36 months,0.0531,602.21002,A,Jun-18,June 2018,2018,FALSE,Individual,credit_card,Credit card refinancing,desc
222202,oGNzlveoi3tyS6ok3cihdF42xk7oVYigADSMd0p7xvg=,Current,25000,MI,25000, 36 months,0.0531,752.76001,A,Jun-18,June 2018,2018,FALSE,Individual,debt_consolidation,Debt consolidation,desc
25072,vBTq/U+wevgNJ6Ee9yKSnTq3j/EwpaoalRXiqUJ8OjU=,Current,5000,WA,5000, 36 months,0.0531,150.56,A,Jun-18,June 2018,2018,FALSE,Individual,credit_card,Credit card refinancing,desc
51733,HBqsf43dShy9j3ADC2FkycRIxqeVixIQDVrT+BzphS4=,Current,7000,VT,7000, 36 months,0.0531,210.78,A,Jun-18,June 2018,2018,FALSE,Individual,debt_consolidation,Debt consolidation,desc
61685,0d2CWgY8YYAx6x2h/ti8sduEk5IAgnu67NH/jUYjHVY=,Current,8000,CA,8000, 36 months,0.0531,240.89,A,Jun-18,June 2018,2018,FALSE,Individual,debt_consolidation,Debt consolidation,desc
82421,3ebAabcbeaFomoxD3Q+3XpzHhHDhjiogO1ZBLqUvuAo=,Current,10000,NJ,10000, 36 months,0.0531,301.10999,A,Jun-18,June 2018,2018,FALSE,Individual,debt_consolidation,Debt consolidation,desc
109046,KKrmJGIjJgbVP9RJzE9WRQFQd7cJcdl3J6WFIvQdQBk=,Current,11000,DE,11000, 36 months,0.0531,331.22,A,Jun-18,June 2018,2018,FALSE,Individual,credit_card,Credit card refinancing,desc
162172,K8nDQj9sLw+Wofp/Rz7y4q6MhO+qDdc4+aKaBG/0b2k=,Current,16000,FL,16000, 36 months,0.0531,481.76999,A,Jun-18,June 2018,2018,FALSE,Individual,credit_card,Credit card refinancing,desc
187686,1ndmvvwMeq3bndG59C29XSvJgSxit27RYvVikiQ+TTc=,Current,20000,TX,20000, 36 months,0.0531,602.21002,A,Jun-18,June 2018,2018,FALSE,Individual,credit_card,Credit card refinancing,desc
222200,Z/VwZuJlPnxDGF4+9XW615D9mL3Y2kVoBDuLSTl5/ec=,Current,25000,GA,25000, 36 months,0.0531,752.76001,A,Jun-18,June 2018,2018,FALSE,Individual,credit_card,Credit card refinancing,desc
23066,h6o4/6ExQL4u1HtYalPqMmlJCWJcUvgfgLLsnCTJFq8=,Current,4800,OH,4800, 36 months,0.0531,144.53,A,Jun-18,June 2018,2018,FALSE,Joint App,credit_card,Credit card refinancing,desc
82479,J9C98Lk1ljSkacuFuSPO9T/AUGMp4GvSowhfk63B5Xw=,Current,10000,VA,10000, 36 months,0.0531,301.10999,A,Jun-18,June 2018,2018,FALSE,Individual,debt_consolidation,Debt consolidation,desc
145385,Xqp76Fe4nvOLlBwPtWZ4shUSvc/kDcXujbTSdyp+R3g=,Current,15000,NY,15000, 36 months,0.0531,451.66,A,Jun-18,June 2018,2018,FALSE,Individual,credit_card,Credit card refinancing,desc
222192,+CY+0Y1M9ATnPJlUm0aNmu0l0r013xeQN1bOf0PXgyo=,Fully Paid,25000,HI,25000, 36 months,0.0531,752.76001,A,Jun-18,June 2018,2018,FALSE,Individual,debt_consolidation,Debt consolidation,desc
222201,tUoGbcezMbGUvZL4WmU233dTtZ7hc2mBeqpW1f9HKe0=,Current,25000,GA,25000, 36 months,0.0531,752.76001,A,Jun-18,June 2018,2018,FALSE,Joint App,credit_card,Credit card refinancing,desc
240091,6dyxG/QjskHSJd0j82BoM9Fv2g3Sx9WrtYzKtn/mHcs=,Current,30000,CA,30000, 36 months,0.0531,903.31,A,Jun-18,June 2018,2018,FALSE,Individual,credit_card,Credit card refinancing,desc
60445,PeNCF6EdoR7YxnDWx6KhvNVypr9h7C2pSIaq1YoDuGQ=,Current,7700,CA,7700, 36 months,0.0531,231.85001,A,Jun-18,June 2018,2018,FALSE,Individual,credit_card,Credit card refinancing,desc
82491,aix8aez+04/b8QG9NtHegyYTJh+xYCHrQDLAYpWwJK8=,Current,10000,FL,10000, 36 months,0.0531,301.10999,A,Jun-18,June 2018,2018,FALSE,Individual,home_improvement,Home improvement,desc
253578,B3ETk9RJLQZ2PHC8XEvOeCa+NlVd40al00ibVW437R4=,Current,35000,TX,35000, 36 months,0.0531,1053.86,A,Jun-18,June 2018,2018,FALSE,Individual,debt_consolidation,Debt consolidation,desc
82442,39s8phodneTZP61lEB7foQhyu4faoaJtWN5WWyuKD38=,Current,10000,CA,10000, 36 months,0.0531,301.10999,A,Jun-18,June 2018,2018,FALSE,Individual,debt_consolidation,Debt consolidation,desc
145371,d2qkmcw5ySq6trwyU87QkXGmLHCuszZ27Jt6HqHRiyg=,Current,15000,UT,15000, 36 months,0.0531,451.66,A,Jun-18,June 2018,2018,FALSE,Individual,credit_card,Credit card refinancing,desc
263396,7xOejH0E6gm4pq/pViaRDlPfENbXaD5MpKTVPAz0vXk=,Current,37000,TX,37000, 36 months,0.0531,1114.09,A,Jun-18,June 2018,2018,FALSE,Individual,debt_consolidation,Debt consolidation,desc
264553,o0JN9kUEllrALM72m5GL7e1Fzu46+o9LqVvG0/bNKZM=,Current,40000,TX,40000, 36 months,0.0531,1204.42,A,Jun-18,June 2018,2018,FALSE,Individual,credit_card,Credit card refinancing,desc
8962,RT3u7+yPV0oleSK9A3oqHH1p0wqPkmHiHG54UPwBAT8=,Current,3000,VA,3000, 36 months,0.0531,90.339996,A,Jun-18,June 2018,2018,FALSE,Joint App,other,Other,desc
16733,gXpLDnXAWNl0FgzuPPGhG0JnzRVwlxFerxEUBt0RwtM=,Current,4000,TN,4000, 36 months,0.0531,120.45,A,Jun-18,June 2018,2018,FALSE,Individual,credit_card,Credit card refinancing,desc
61673,UMUzY3qRdeLL6xJA4fQLx68DAIqX39vxvYfcqaNoiFc=,Current,8000,NY,8000, 36 months,0.0531,240.89,A,Jun-18,June 2018,2018,FALSE,Individual,credit_card,Credit card refinancing,desc
71968,QAMSOTp3tTf5q5FeuHQV4l5Q84rsptnr21Gtz6ai6LI=,Current,8500,NM,8500, 36 months,0.0531,255.94,A,Jun-18,June 2018,2018,FALSE,Individual,credit_card,Credit card refinancing,desc
82420,7ooZjhbfD1FHf+hRot5DnEiI/U0a6W2yQe6UKm4103w=,Current,10000,NJ,10000, 36 months,0.0531,301.10999,A,Jun-18,June 2018,2018,FALSE,Individual,credit_card,Credit card refinancing,desc
264546,MVEslN2htagLIdfXswEqSsRjixjnvhAtV5Ll5JTYpnk=,Current,40000,PA,40000, 36 months,0.0531,1204.42,A,Jun-18,June 2018,2018,FALSE,Individual,credit_card,Credit card refinancing,desc
82499,Whr+1CVkJiCD4P3f5CRVwxbOLTrKZMquNd1UEZomI0g=,Current,10000,TX,10000, 36 months,0.0531,301.10999,A,Jun-18,June 2018,2018,FALSE,Individual,debt_consolidation,Debt consolidation,desc
145377,3H1MOF3tZA0+2v+jfvJ2WoLRAaPux3igWIbiTN1NYg4=,Current,15000,OR,15000, 36 months,0.0531,451.66,A,Jun-18,June 2018,2018,FALSE,Individual,credit_card,Credit card refinancing,desc
162160,diCbGoNXlqXNZ8u6jzIZ3X+/oSmc3KlIok9m7f/MpV0=,Current,16000,TX,16000, 36 months,0.0531,481.76999,A,Jun-18,June 2018,2018,FALSE,Individual,debt_consolidation,Debt consolidation,desc
162166,6HoxzmzGekHbrhEL1mr923/tgyHLevIobToPCIu2x3k=,Current,16000,MT,16000, 36 months,0.0531,481.76999,A,Jun-18,June 2018,2018,FALSE,Individual,major_purchase,Major purchase,desc
145375,mhsrogvIG6WumnfMgugH5mO5Ee5aLsgziA6c+XxyQCI=,Current,15000,FL,15000, 36 months,0.0531,451.66,A,Jun-18,June 2018,2018,FALSE,Individual,debt_consolidation,Debt consolidation,desc
187701,l11EmBkt9Jd+ujBrYVEqEFkDKNZ/KukRn4LQ1IZ6y5c=,Current,20000,NH,20000, 36 months,0.0531,602.21002,A,Jun-18,June 2018,2018,FALSE,Individual,credit_card,Credit card refinancing,desc
25091,uhpO2Dg9Qvwx08435XPylgdygI1qJm7umq9dGOFYQ4s=,Current,5000,NY,5000, 36 months,0.0531,150.56,A,Jun-18,June 2018,2018,FALSE,Individual,debt_consolidation,Debt consolidation,desc
48355,HDf+4r+HgGX0V2PqrRRhx0byswC95clKn66FrR9mFqc=,Current,6400,TX,6400, 36 months,0.0531,192.71001,A,Jun-18,June 2018,2018,FALSE,Individual,credit_card,Credit card refinancing,desc
49301,7zs31U3vBmIGarAzOo+652Q33SbSdi7UEUysoM+bJWo=,Current,6500,CA,6500, 36 months,0.0531,195.72,A,Jun-18,June 2018,2018,FALSE,Individual,debt_consolidation,Debt consolidation,desc
82435,PJCUM1H9CLPOoJTR2zEMrfMS07URPpdDkH3V+ZVaUHA=,Current,10000,FL,10000, 36 months,0.0531,301.10999,A,Jun-18,June 2018,2018,FALSE,Individual,credit_card,Credit card refinancing,desc
82488,/OxsUSNfAU5VcjmLDZfSPxfMkDuNB/qqgxrsWNAfbo8=,Current,10000,LA,10000, 36 months,0.0531,301.10999,A,Jun-18,June 2018,2018,FALSE,Individual,debt_consolidation,Debt consolidation,desc
187687,D1SJ7TLCK9wnDyskNKFAMshQ2YBh3Vj7rXjuEaVmARE=,Current,20000,TX,20000, 36 months,0.0531,602.21002,A,Jun-18,June 2018,2018,FALSE,Individual,credit_card,Credit card refinancing,desc
187695,b8T7JvhLKMgvWgRzOYCSQzlQYka/FYWBfWTqifx0CAg=,Current,20000,NC,20000, 36 months,0.0531,602.21002,A,Jun-18,June 2018,2018,FALSE,Individual,credit_card,Credit card refinancing,desc
8963,5viiBQ9sRM1KyUHPsVCt4OJFxLhT4liHNsDUkwmOHXw=,Current,3000,MO,3000, 36 months,0.0531,90.339996,A,Jun-18,June 2018,2018,FALSE,Individual,credit_card,Credit card refinancing,desc
20517,5NtU39Y+uSVB4SLfySMK1RKtkpFHuk4MrJxv4jMFsbU=,Current,4200,NV,4200, 36 months,0.0531,126.47,A,Jun-18,June 2018,2018,FALSE,Individual,debt_consolidation,Debt consolidation,desc
82444,rSvIoWeB/vUPPqA0rP6DLnDpSK3ziHrNwAkCEfTi9Kc=,Current,10000,CA,10000, 36 months,0.0531,301.10999,A,Jun-18,June 2018,2018,FALSE,Individual,credit_card,Credit card refinancing,desc
82487,sLtGtJNKVuxabY6gSZ7pxsYT3acS8GH2wflNIZ5StFw=,Current,10000,LA,10000, 36 months,0.0531,301.10999,A,Jun-18,June 2018,2018,FALSE,Individual,credit_card,Credit card refinancing,desc
82497,q0eOfjiN32M1G8Hj+AZY4JzqQpTOdSXYhvnO5cHpNnM=,Current,10000,NJ,10000, 36 months,0.0531,301.10999,A,Jun-18,June 2018,2018,FALSE,Individual,credit_card,Credit card refinancing,desc
105122,3P9tekbCRTK+cNPmpRCSfvms/BPSE0siM2z864tlq6E=,Current,10300,NH,10300, 36 months,0.0531,310.14001,A,Jun-18,June 2018,2018,FALSE,Joint App,debt_consolidation,Debt consolidation,desc
115676,vFJMl8fGZqR7979PVUrt5Ix9kxud5FDOn0tGsVgL6PU=,Current,12000,CA,12000, 36 months,0.0531,361.32999,A,Jun-18,June 2018,2018,FALSE,Individual,credit_card,Credit card refinancing,desc
187708,R8PxQRM4MZ2/S3FPBPJGdOp0RFshochCW5n72dnjOhY=,Current,20000,GA,20000, 36 months,0.0531,602.21002,A,Jun-18,June 2018,2018,FALSE,Individual,credit_card,Credit card refinancing,desc
253556,V4yw4Mby3u2/QY/jzLqEirAgeILW6rwKTl5YbysIRUY=,Current,35000,IL,35000, 36 months,0.0531,1053.86,A,Jun-18,June 2018,2018,FALSE,Individual,debt_consolidation,Debt consolidation,desc
264509,mrXMi7V4fe+Oob3pEIfPOSDSvHTYaZIxwzga4TzVicY=,Current,40000,IL,40000, 36 months,0.0531,1204.42,A,Jun-18,June 2018,2018,FALSE,Individual,credit_card,Credit card refinancing,desc
264523,F9spsgELjPFC+V8TKjwN4dI0eHqKaFRIxTlXAZ6CXXY=,Current,40000,WA,40000, 36 months,0.0531,1204.42,A,Jun-18,June 2018,2018,FALSE,Individual,debt_consolidation,Debt consolidation,desc
82426,78fFtmfLPJwxDdLcOXAfMLVFVKjwnu/GFZoPhRk/vCU=,Current,10000,TX,10000, 36 months,0.0531,301.10999,A,Jun-18,June 2018,2018,FALSE,Individual,credit_card,Credit card refinancing,desc
82508,GTnAanqE1etjohiDcuRi4fg/CVHNRiZSdcr77tNpIg0=,Current,10000,NY,10000, 36 months,0.0531,301.10999,A,Jun-18,June 2018,2018,FALSE,Individual,credit_card,Credit card refinancing,desc
145351,hrbjjQK1CoRzH1cb+wy7nBIBvdW1l5wsosWX1hMGrno=,Current,15000,NJ,15000, 36 months,0.0531,451.66,A,Jun-18,June 2018,2018,FALSE,Individual,credit_card,Credit card refinancing,desc
187679,csbqAOJgg6dh/5kSxqPIHL8srJ3cvrCcGmPZCQxX3Ss=,Current,20000,MA,20000, 36 months,0.0531,602.21002,A,Jun-18,June 2018,2018,FALSE,Individual,credit_card,Credit card refinancing,desc
38965,XOYnqBHo91q2wKzHEzSoUD15tW9xXXrDQbfq6q9xbws=,Current,6000,FL,6000, 36 months,0.0531,180.67,A,Jun-18,June 2018,2018,FALSE,Individual,credit_card,Credit card refinancing,desc
51736,MXAlzfxD5y7MFrml8quV7JN1Y77eHFcOwGnzXQJhk1I=,Current,7000,FL,7000, 36 months,0.0531,210.78,A,Jun-18,June 2018,2018,FALSE,Individual,debt_consolidation,Debt consolidation,desc
187728,XsWuLLez5sNjw7SkE5yOyWZiEQ3xtNDpoWf+A2ChYRc=,Current,20000,AZ,20000, 36 months,0.0531,602.21002,A,Jun-18,June 2018,2018,FALSE,Individual,debt_consolidation,Debt consolidation,desc
262403,AFoq059TZp75C3cF5k6BbAPGGXDv5NVs915odirE7KY=,Current,36000,MA,36000, 36 months,0.0531,1083.98,A,Jun-18,June 2018,2018,FALSE,Individual,home_improvement,Home improvement,desc
82449,UQV2gymAdU+6aMMg3WjfuU+QrHE9qmSoPsaTou9Ne9I=,Current,10000,CO,10000, 36 months,0.0531,301.10999,A,Jun-18,June 2018,2018,FALSE,Individual,debt_consolidation,Debt consolidation,desc
248637,is6hZZaaOIVWxY84/adN5kwn+6hzDoczPmPL65xhEyw=,Current,32000,AZ,32000, 36 months,0.0531,963.53003,A,Jun-18,June 2018,2018,FALSE,Individual,debt_consolidation,Debt consolidation,desc
82523,YjZujZWPP8bTCVgSQ2pH/f4VewnDSGQGXTHEX4N3JEY=,Current,10000,CA,10000, 36 months,0.0531,301.10999,A,Jun-18,June 2018,2018,FALSE,Individual,debt_consolidation,Debt consolidation,desc
82470,wEzRnTnmqMMJertpP+8xm/WN+KxiXpugriGA2RHkdBI=,Current,10000,OH,10000, 36 months,0.0531,301.10999,A,Jun-18,June 2018,2018,FALSE,Individual,credit_card,Credit card refinancing,desc
115675,8Y5My1d+PLM/9rmdfwY7PxY0e6iZSOQB8Aq9OFgy30c=,Current,12000,CA,12000, 36 months,0.0531,361.32999,A,Jun-18,June 2018,2018,FALSE,Individual,house,Home buying,desc
115683,VZ0T0E9srKtVPoEA17mJf9kBHPHIfhBHd4LTThHgYg4=,Current,12000,NM,12000, 36 months,0.0531,361.32999,A,Jun-18,June 2018,2018,FALSE,Individual,debt_consolidation,Debt consolidation,desc
162169,UARGzT1cF+VMZ+dPZZ/anPUn5i03/1cufx+gj7/D/Nw=,Current,16000,IL,16000, 36 months,0.0531,481.76999,A,Jun-18,June 2018,2018,FALSE,Individual,debt_consolidation,Debt consolidation,desc
176231,Bn7r66kahpMX2ZrJV55ejnc+KmxJQsz35/SSlEP2T5s=,Current,18000,MI,18000, 36 months,0.0531,541.98999,A,Jun-18,June 2018,2018,FALSE,Joint App,debt_consolidation,Debt consolidation,desc
204123,vLeRlc4D4Ho3nBlMksU6NXHqORAvyaWTW+E/dwglUV4=,Current,21000,CO,21000, 36 months,0.0531,632.32001,A,Jun-18,June 2018,2018,FALSE,Individual,credit_card,Credit card refinancing,desc
25085,R4kQtC252didMakEZCHruk0xG+enALd0R26YfsNbYH0=,Current,5000,FL,5000, 36 months,0.0531,150.56,A,Jun-18,June 2018,2018,FALSE,Individual,credit_card,Credit card refinancing,desc
82429,lhC3l9zbSFhGD3hgFcfCXtHpJRzWJPDDShLIbQ6MxDM=,Current,10000,TX,10000, 36 months,0.0531,301.10999,A,Jun-18,June 2018,2018,FALSE,Individual,credit_card,Credit card refinancing,desc
162164,UQs40RicuxFLOPNeeASp17M99uEyGl5CcdC8drZ7JWk=,Current,16000,DC,16000, 36 months,0.0531,481.76999,A,Jun-18,June 2018,2018,FALSE,Individual,credit_card,Credit card refinancing,desc
240084,vQplN5GHZYhqU1qcLHFR+0JnIM2dEePb31dmtTjcaB8=,Current,30000,NJ,30000, 36 months,0.0531,903.31,A,Jun-18,June 2018,2018,FALSE,Joint App,home_improvement,Home improvement,desc
264528,mcaef8Zn7sM7t+AlrwqhNsAooSK8RLooMD7XxZRwU1w=,Current,40000,CA,40000, 36 months,0.0531,1204.42,A,Jun-18,June 2018,2018,FALSE,Individual,debt_consolidation,Debt consolidation,desc
8959,0Q/5xEf6ax1llwwdmFG6kGQuXZzns2DNmphVDLROItQ=,Current,3000,IL,3000, 36 months,0.0531,90.339996,A,Jun-18,June 2018,2018,FALSE,Individual,credit_card,Credit card refinancing,desc
82419,xaoVd21CR8ENSMvEe6iiRQs/6KVafOGdBb5oEs2Y0Cg=,Current,10000,NJ,10000, 36 months,0.0531,301.10999,A,Jun-18,June 2018,2018,FALSE,Individual,credit_card,Credit card refinancing,desc
82423,JKroD0Qi4D56cNf+XHBe5xLmeO9kCk8/66KKT4krRzI=,Current,10000,OR,10000, 36 months,0.0531,301.10999,A,Jun-18,June 2018,2018,FALSE,Individual,credit_card,Credit card refinancing,desc
82424,y2wR3q0XdT4Vo3HeywMzbMf8OL6BkVsUx7GBQaIhuHU=,Current,10000,MN,10000, 36 months,0.0531,301.10999,A,Jun-18,June 2018,2018,FALSE,Individual,debt_consolidation,Debt consolidation,desc
82450,it0ReW7z6jgMam3xfoFwS34H1LItfywjEO70GxJcoMQ=,Current,10000,CO,10000, 36 months,0.0531,301.10999,A,Jun-18,June 2018,2018,FALSE,Individual,credit_card,Credit card refinancing,desc
208999,zNEhN1PwpaqvqyVALe9LxR+n3U8PQPlua5q+7pp04Jk=,Current,22000,DE,22000, 36 months,0.0531,662.42999,A,Jun-18,June 2018,2018,FALSE,Individual,home_improvement,Home improvement,desc
264550,btGNxkMsHAlWQ7qSCCK/2JxLrZvsYMkFXgwzDiNf8ho=,Current,40000,FL,40000, 36 months,0.0531,1204.42,A,Jun-18,June 2018,2018,FALSE,Joint App,debt_consolidation,Debt consolidation,desc
16480,512kF2SaI9h1OgIqVuCEN2ev0MClFg2P+b8A0S1QYOU=,Current,3900,MN,3900, 36 months,0.0531,117.44,A,Jun-18,June 2018,2018,FALSE,Individual,credit_card,Credit card refinancing,desc
61668,koSb8cXRG+5xzO3qpKXad9CiucpRImLcJ9r4ouS6wYI=,Current,8000,NV,8000, 36 months,0.0531,240.89,A,Jun-18,June 2018,2018,FALSE,Individual,debt_consolidation,Debt consolidation,desc
187725,D0hIdYFprXBfeY/CVp2Tpf3AHyWEUo4cWnt9r451T2o=,Current,20000,TX,20000, 36 months,0.0531,602.21002,A,Jun-18,June 2018,2018,FALSE,Individual,credit_card,Credit card refinancing,desc
222175,6AuT+BL105D4uSsfwa2eIdDNYGiHhUUGU6SvELpGgCw=,Current,25000,NJ,25000, 36 months,0.0531,752.76001,A,Jun-18,June 2018,2018,FALSE,Individual,credit_card,Credit card refinancing,desc
264537,0PvE5JvjGuNrRma46sm2+IBgAZy7jVBPhGyza+JpVXw=,Current,40000,MD,40000, 36 months,0.0531,1204.42,A,Jun-18,June 2018,2018,FALSE,Individual,debt_consolidation,Debt consolidation,desc
82415,g3h+6cuDr8i6TXVer+fRcVSy3RvHvbHKss/5qMyU3Hc=,Current,10000,MI,10000, 36 months,0.0531,301.10999,A,Jun-18,June 2018,2018,FALSE,Individual,debt_consolidation,Debt consolidation,desc
115702,8ktakT47OWlGufbZgDAr8h2LJa04kIRESwgzeUaAMqo=,Current,12000,WI,12000, 36 months,0.0531,361.32999,A,Jun-18,June 2018,2018,FALSE,Individual,debt_consolidation,Debt consolidation,desc
71970,cusc8zu+AjNFl38B9aAw+wc0ksO/O/k8ooDzDbJAeXI=,Current,8500,NY,8500, 36 months,0.0531,255.94,A,Jun-18,June 2018,2018,FALSE,Individual,home_improvement,Home improvement,desc
82475,7GMP5crOx8sSi0olEm58ohGxPsIWLPRxgQy2YXef+GM=,Current,10000,GA,10000, 36 months,0.0531,301.10999,A,Jun-18,June 2018,2018,FALSE,Individual,credit_card,Credit card refinancing,desc
173155,1iAcSu39b/Y10/I60So3KZ4UQ4IcNziS4pBMinDmWZY=,Current,17000,CO,17000, 60 months,0.0531,323.23999,A,Jun-18,June 2018,2018,FALSE,Individual,credit_card,Credit card refinancing,desc
183135,mISAAhNKQYIGGWpRbTQIQseTStVcjeW3yQtO4+QDwn4=,Current,18850,NY,18850, 36 months,0.0531,567.58002,A,Jun-18,June 2018,2018,FALSE,Individual,credit_card,Credit card refinancing,desc
222213,GxaO1MhQSLGzAKedLrKD/lHjzKqWsrPS/D1jyODEo9o=,Current,25000,CA,25000, 36 months,0.0531,752.76001,A,Jun-18,June 2018,2018,FALSE,Individual,debt_consolidation,Debt consolidation,desc
240082,4hbfIFXI06raQ3lW3w1yWjb5yYj7cAlBGYP0soO09fg=,Current,30000,MI,30000, 36 months,0.0531,903.31,A,Jun-18,June 2018,2018,FALSE,Individual,credit_card,Credit card refinancing,desc
115672,kATU2DkUnitc595VkIkok/bxfS+iO0TVa5DKtO7m/NE=,Current,12000,NY,12000, 36 months,0.0531,361.32999,A,Jun-18,June 2018,2018,FALSE,Individual,debt_consolidation,Debt consolidation,desc
253563,CH1XUT05cbzgFBBswp1uqQATAKmzxsmlnF4hBlhemX4=,Current,35000,AZ,35000, 36 months,0.0531,1053.86,A,Jun-18,June 2018,2018,FALSE,Individual,credit_card,Credit card refinancing,desc
71971,TEcvVQatuvoLa9tkVrJQzpZz1JZTeK9Vrxfh0xP/1eI=,Current,8500,CA,8500, 36 months,0.0531,255.94,A,Jun-18,June 2018,2018,FALSE,Individual,credit_card,Credit card refinancing,desc
78162,HKuK1Rpf5kDF9cwmh6Xwi5ZtHyxTGgf3obIAaamrICE=,Current,9500,MN,9500, 36 months,0.0531,286.04999,A,Jun-18,June 2018,2018,FALSE,Individual,credit_card,Credit card refinancing,desc
82436,jSlvQRQjaaiah/0izeqKA/c+/Kf/2hHUbvBIjg5nxwI=,Current,10000,FL,10000, 36 months,0.0531,301.10999,A,Jun-18,June 2018,2018,FALSE,Individual,credit_card,Credit card refinancing,desc
115704,QuKEPJFywHqktuaMHNj5jcjvVKTpI+ehBRc0tbD0ZL8=,Current,12000,CA,12000, 36 months,0.0531,361.32999,A,Jun-18,June 2018,2018,FALSE,Individual,credit_card,Credit card refinancing,desc
132416,oh94EG5n87Gmry17Tbuphpw/0tlsgzPaxMCVDToZdZ8=,Current,13000,MD,13000, 36 months,0.0531,391.44,A,Jun-18,June 2018,2018,FALSE,Individual,major_purchase,Major purchase,desc
73098,/yB7yH3SkNtfq/CqL3TaHFaTRcp9K58NEOq++z/AbHc=,Current,8575,OR,8575, 36 months,0.0531,258.20001,A,Jun-18,June 2018,2018,FALSE,Individual,credit_card,Credit card refinancing,desc
16722,+mlRyt/PtJjVKqf0b5hTpaXib2jCSKXXse5K2IA3HBY=,Current,4000,MI,4000, 36 months,0.0531,120.45,A,Jun-18,June 2018,2018,FALSE,Joint App,other,Other,desc
143407,0M75nR0dl/I/qxyJZ1rDKWUTCPvuCpCBPGOdCkHt9iU=,Current,14500,TX,14500, 36 months,0.0531,436.60001,A,Jun-18,June 2018,2018,FALSE,Individual,credit_card,Credit card refinancing,desc
49300,agcyMiKF7sbm1eY4q9MQLmHvKAAa/pjd8L90y3VP/7Y=,Current,6500,OK,6500, 36 months,0.0531,195.72,A,Jun-18,June 2018,2018,FALSE,Individual,debt_consolidation,Debt consolidation,desc
51740,ozrQipWHyn1Yc2g/svk3bTMAi2V6czjUGkNuVvgOkcc=,Current,7000,CA,7000, 36 months,0.0531,210.78,A,Jun-18,June 2018,2018,FALSE,Individual,credit_card,Credit card refinancing,desc
115446,2vMzB+Pc9Z52oT2SLjjyWFGD9+wjU1zjsg2VujIxnXY=,Current,12000,CA,12000, 36 months,0.0531,361.32999,A,Jun-18,June 2018,2018,FALSE,Individual,credit_card,Credit card refinancing,desc
145384,Qhj5FyPBURFP40lDFGqk2x3Vzo2imxDmnD8MHNWhb/4=,Current,15000,NY,15000, 36 months,0.0531,451.66,A,Jun-18,June 2018,2018,FALSE,Individual,credit_card,Credit card refinancing,desc
240106,o618p0QO+FIjAFQ9ARPNtGmRv4zOIxULqN7ZA1Fh7EA=,Current,30000,CA,30000, 36 months,0.0531,903.31,A,Jun-18,June 2018,2018,FALSE,Individual,debt_consolidation,Debt consolidation,desc
264548,hcZeFhmHfbGtMRlPVIyebSXytyVDiFKEcuCGuj95d60=,Current,40000,MA,40000, 36 months,0.0531,1204.42,A,Jun-18,June 2018,2018,FALSE,Individual,debt_consolidation,Debt consolidation,desc
264551,qPriN+wwPuyDL75N84ihfP0jUZxZrOp1w45znFG1Vq8=,Current,40000,WA,40000, 36 months,0.0531,1204.42,A,Jun-18,June 2018,2018,FALSE,Individual,debt_consolidation,Debt consolidation,desc
267245,aRnYw1MjKEa8pqwrKee3Vw7fv3L4pNgyf6MCGWmwCUQ=,Current,40000,TX,40000, 60 months,0.0531,760.54999,A,Jun-18,June 2018,2018,FALSE,Individual,debt_consolidation,Debt consolidation,desc
71808,JSdojUe4jf5kpN9QaY0vHuYHCpI5QVyPpKTZ/4bPR94=,Current,8425,MA,8425, 36 months,0.0531,253.67999,A,Jun-18,June 2018,2018,FALSE,Individual,home_improvement,Home improvement,desc
74283,iRZZIDizk6l65UiQQT9T3keC7f7qwHc1NmfXiSLhcyY=,Current,9000,NV,9000, 36 months,0.0531,271,A,Jun-18,June 2018,2018,FALSE,Individual,credit_card,Credit card refinancing,desc
82443,l/yuKFbydtjxJN/Zgi7uVm7xRK+Qxeq7WzXW3gPY+Zc=,Current,10000,CA,10000, 36 months,0.0531,301.10999,A,Jun-18,June 2018,2018,FALSE,Individual,credit_card,Credit card refinancing,desc
208998,gR9bUyxTpdKlZuKZdmxPJppV6EWw70LTSwnErRk1dNk=,Current,22000,PA,22000, 36 months,0.0531,662.42999,A,Jun-18,June 2018,2018,FALSE,Individual,home_improvement,Home improvement,desc
240100,EnaydQpaeTecpPgIkCSbJmQYAUXQ5vZR+OESFXN6v0c=,Current,30000,TX,30000, 36 months,0.0531,903.31,A,Jun-18,June 2018,2018,FALSE,Individual,credit_card,Credit card refinancing,desc
264526,2Qk0zzeyosLO9zTCmVDHvUiyzIHASV2r2FVrXh4vIGE=,Current,40000,CA,40000, 36 months,0.0531,1204.42,A,Jun-18,June 2018,2018,FALSE,Individual,home_improvement,Home improvement,desc
24624,Gl0Q8GdzCqeP3dwLDgE4kuZjyEgfNc5neiLbySitKBM=,Current,4900,VA,4900, 36 months,0.0531,147.55,A,Jun-18,June 2018,2018,FALSE,Individual,credit_card,Credit card refinancing,desc
187727,/r8UFkOiC9dYKEPS6k+8vGWq6zswusl5aL7oP+/rw5g=,Current,20000,NY,20000, 36 months,0.0531,602.21002,A,Jun-18,June 2018,2018,FALSE,Individual,debt_consolidation,Debt consolidation,desc
51737,HhODk8ukt4ad2VT/MSK8WDIEWn0R30zyqLxitM3gcxg=,Current,7000,FL,7000, 36 months,0.0531,210.78,A,Jun-18,June 2018,2018,FALSE,Individual,debt_consolidation,Debt consolidation,desc
70321,Gb2dgYbLZOJTg7ZdW+RXr/gusVNGZBZlNFZ5leyfeTo=,Current,8300,CA,8300, 36 months,0.0531,249.92,A,Jun-18,June 2018,2018,FALSE,Individual,debt_consolidation,Debt consolidation,desc
78836,j4PZ/zzsOBCI3seD7unbtQWOM7u0xV/2u7PyWODVns0=,Current,9600,NY,9600, 36 months,0.0531,289.06,A,Jun-18,June 2018,2018,FALSE,Individual,credit_card,Credit card refinancing,desc
240097,V678rECqPSmYDTQmQi7TeRTVKFt/5NpEcvOK0p5dTWo=,Current,30000,CT,30000, 36 months,0.0531,903.31,A,Jun-18,June 2018,2018,FALSE,Individual,car,Car financing,desc
77916,gz6BktCcNEGnFMEUeu7con6wsUcAbFvKQXi5jm7NR5s=,Current,9400,CO,9400, 36 months,0.0531,283.04001,A,Jun-18,June 2018,2018,FALSE,Individual,credit_card,Credit card refinancing,desc
183395,OMcTkb9WWBmVI9iLBqXmydM2rXD7wV9o/+LbSk4uAiI=,Current,19000,AZ,19000, 36 months,0.0531,572.09998,A,Jun-18,June 2018,2018,FALSE,Individual,credit_card,Credit card refinancing,desc
196079,l9B4AC/+IoPUya8slzVw+Zklq4c8QJUoSCrnK4Anbm0=,Current,20000,NY,20000, 60 months,0.0531,380.28,A,Jun-18,June 2018,2018,FALSE,Individual,debt_consolidation,Debt consolidation,desc
222198,9M3J45V1y5fIG3fm5zC6KTiTeIMbMt8G6dtiO529aIU=,Current,25000,HI,25000, 36 months,0.0531,752.76001,A,Jun-18,June 2018,2018,FALSE,Individual,debt_consolidation,Debt consolidation,desc
13697,UgZF8yjdkH80tlkAgn0S7cBryY86VarEliRF0DFJ4fE=,Current,3500,GA,3500, 36 months,0.0531,105.39,A,Jun-18,June 2018,2018,FALSE,Individual,credit_card,Credit card refinancing,desc
56256,M6LvnHRq8JgN4w58mGxiLi5lsELZrLx9LVTWno6hPEo=,Current,7200,NY,7200, 36 months,0.0531,216.8,A,Jun-18,June 2018,2018,FALSE,Individual,debt_consolidation,Debt consolidation,desc
222208,4uXmniCjo9bsQe54RWgWNovBqcglINbvraMlMxhbuTY=,Current,25000,TX,25000, 36 months,0.0531,752.76001,A,Jun-18,June 2018,2018,FALSE,Individual,debt_consolidation,Debt consolidation,desc
8966,HBfWlKcBhGVvESJe+hl8tLBuSiTZqKVWUH3WvXGN6k4=,Current,3000,NC,3000, 36 months,0.0531,90.339996,A,Jun-18,June 2018,2018,FALSE,Individual,debt_consolidation,Debt consolidation,desc
109045,HOSyPtLxaYNBIpg9eTlkODyti07vvgV/r0iXGkwbZL0=,Current,11000,OR,11000, 36 months,0.0531,331.22,A,Jun-18,June 2018,2018,FALSE,Individual,credit_card,Credit card refinancing,desc
145387,dTcusOHOtURuLJW4NBr5AtHQX1/U3kepn7MomnBDhiI=,Current,15000,AZ,15000, 36 months,0.0531,451.66,A,Jun-18,June 2018,2018,FALSE,Individual,debt_consolidation,Debt consolidation,desc
183396,llKvauKDYhQAeLAJEQYSlje4kKR3BQMTq73myiW0FIg=,Current,19000,CA,19000, 36 months,0.0531,572.09998,A,Jun-18,June 2018,2018,FALSE,Individual,credit_card,Credit card refinancing,desc
7988,AxAJitefNWtGw6+e6bW+V0udqa69YTO/xjATzr3+Rik=,Current,2575,NJ,2575, 36 months,0.0531,77.540001,A,Jun-18,June 2018,2018,FALSE,Individual,credit_card,Credit card refinancing,desc
16726,3H1dLnwaj/FDRXHMsGwzhLekOcVTP+pes0Q1H9JWTk4=,Current,4000,NY,4000, 36 months,0.0531,120.45,A,Jun-18,June 2018,2018,FALSE,Individual,credit_card,Credit card refinancing,desc
51748,Kr8NE+OMEpiaYYLGrakSDNw7Dw7QK2k03qmkyL5oX14=,Current,7000,AZ,7000, 36 months,0.0531,210.78,A,Jun-18,June 2018,2018,FALSE,Individual,other,Other,desc
132422,HJIyUw8iZOB48aOooXxJ2LjpctFNrwGSMHMzJ+UQVB4=,Current,13000,AK,13000, 36 months,0.0531,391.44,A,Jun-18,June 2018,2018,FALSE,Individual,credit_card,Credit card refinancing,desc
137536,AHk6nvGySBVzblPuoF+4zvF5D/IT3doAztiibsWTeoU=,Current,14000,FL,14000, 36 months,0.0531,421.54999,A,Jun-18,June 2018,2018,FALSE,Joint App,debt_consolidation,Debt consolidation,desc
187726,qKMnXdr6Ccf4MuEZzJqjh1+Wd3fnL1budVEP/y5hg6w=,Current,20000,NY,20000, 36 months,0.0531,602.21002,A,Jun-18,June 2018,2018,FALSE,Individual,debt_consolidation,Debt consolidation,desc
212136,7zk27A0YMZsZgxFXqtBvqAQCMsbOfpM8zzvanz1HTlg=,Current,23000,TX,23000, 36 months,0.0531,692.53998,A,Jun-18,June 2018,2018,FALSE,Individual,credit_card,Credit card refinancing,desc
225996,bRm/430Q5aLMkQLe3HHGpIfOUienZBjhFAutVXJxtJM=,Current,25000,NY,25000, 60 months,0.0531,475.34,A,Jun-18,June 2018,2018,FALSE,Individual,credit_card,Credit card refinancing,desc
231189,JSB6wwsPqSw6gKRk+e7ZWIasSw2MQRkuLgVex5m8NYI=,Current,26000,FL,26000, 36 months,0.0531,782.87,A,Jun-18,June 2018,2018,FALSE,Individual,credit_card,Credit card refinancing,desc
264525,uTVtGdasDDKinVnmJ3x0BVNjNEN8mnd68lpLO65BoV0=,Current,40000,CA,40000, 36 months,0.0531,1204.42,A,Jun-18,June 2018,2018,FALSE,Individual,debt_consolidation,Debt consolidation,desc
115679,P0Bq1Gw/PZlpQGPCdAbeTmj5X0GCrxuYyoon6557DcI=,Current,12000,NC,12000, 36 months,0.0531,361.32999,A,Jun-18,June 2018,2018,FALSE,Individual,debt_consolidation,Debt consolidation,desc
253574,vvcj59YAteyrYKwYzUjINYtNNhzES54Y4Ko6/MYkHTo=,Current,35000,FL,35000, 36 months,0.0531,1053.86,A,Jun-18,June 2018,2018,FALSE,Individual,home_improvement,Home improvement,desc
253579,cEOaoDfHuPDfpHdi00Knn2tw59iTjADUhhbnUovhtYM=,Current,35000,AZ,35000, 36 months,0.0531,1053.86,A,Jun-18,June 2018,2018,FALSE,Joint App,home_improvement,Home improvement,desc
78835,b9OEIhnYiU2upYnTr4iV9hlhQqd9OwLeT66eU2SYqlU=,Current,9600,NV,9600, 36 months,0.0531,289.06,A,Jun-18,June 2018,2018,FALSE,Individual,credit_card,Credit card refinancing,desc
82439,nEoiXNSU7dyBjS0hCyO7ak8WOLBrYAeZ1SYfPDynevo=,Current,10000,NY,10000, 36 months,0.0531,301.10999,A,Jun-18,June 2018,2018,FALSE,Individual,debt_consolidation,Debt consolidation,desc
82447,lWxb5kYRRANelB/UJJDR2rcOTspLTukZWMEQFm7Rons=,Current,10000,VA,10000, 36 months,0.0531,301.10999,A,Jun-18,June 2018,2018,FALSE,Joint App,major_purchase,Major purchase,desc
129725,BkisaOxytc6Tun3ORZQ3w6XHVn6Gsg47Ri3i6aSUk7U=,Current,12500,CT,12500, 36 months,0.0531,376.38,A,Jun-18,June 2018,2018,FALSE,Individual,credit_card,Credit card refinancing,desc
162162,YyTZT+P03uZc2bD7Nn+GIZe9EBYGG0OJ1uZEhjw54YY=,Current,16000,FL,16000, 36 months,0.0531,481.76999,A,Jun-18,June 2018,2018,FALSE,Individual,credit_card,Credit card refinancing,desc
176230,p20hBBTb2EV+J9a0CHZRpF8h+hGQUM2I25AMF7oX9XU=,Current,18000,HI,18000, 36 months,0.0531,541.98999,A,Jun-18,June 2018,2018,FALSE,Individual,credit_card,Credit card refinancing,desc
222189,dEco6M5GudwVOilpabIsmDIb5lXIJOFq7P+7Ah7+puU=,Current,25000,DC,25000, 36 months,0.0531,752.76001,A,Jun-18,June 2018,2018,FALSE,Individual,debt_consolidation,Debt consolidation,desc
38959,upzHDLGb1XRsIt+mnwo08o10JuWXqN78Ezcp4ipCJrw=,Current,6000,IL,6000, 36 months,0.0531,180.67,A,Jun-18,June 2018,2018,FALSE,Individual,credit_card,Credit card refinancing,desc
21823,WlVR46h1vOeVgyVmwuYad/TVLRTszvs19/7pU1fVkz8=,Current,4500,FL,4500, 36 months,0.0531,135.5,A,Jun-18,June 2018,2018,FALSE,Individual,credit_card,Credit card refinancing,desc
137543,LJ6l66HTGfyTVTksRqOb9rFoaBF1j/sD2OBRdRsIAe8=,Current,14000,NY,14000, 36 months,0.0531,421.54999,A,Jun-18,June 2018,2018,FALSE,Individual,debt_consolidation,Debt consolidation,desc
154432,LTrLjx4dDedQAczemIIfM3VuXTOdy6SF9J6W0m1Yyac=,Current,15000,NC,15000, 60 months,0.0531,285.20999,A,Jun-18,June 2018,2018,FALSE,Individual,credit_card,Credit card refinancing,desc
222181,Ukt0cYdb9RJnY4QETzFELiVhSKFCFwZr4hq6CkletTo=,Current,25000,CT,25000, 36 months,0.0531,752.76001,A,Jun-18,June 2018,2018,FALSE,Individual,credit_card,Credit card refinancing,desc
8969,diOd5vjPUG8jN+uqjK24DN6PmARkBG5Zsi8E7VO8nQQ=,Current,3000,NJ,3000, 36 months,0.0531,90.339996,A,Jun-18,June 2018,2018,FALSE,Individual,credit_card,Credit card refinancing,desc
36216,+PW9tj5sjEmXxsEGHKGSIe1aVHMNnqHUtx5YTeTrQXs=,Current,5500,TX,5500, 36 months,0.0531,165.61,A,Jun-18,June 2018,2018,FALSE,Individual,home_improvement,Home improvement,desc
110782,DgZpkY9nxEt6f8fc5yJD/zgRQreQQIlIukKjNMzeaHQ=,Current,11000,FL,11000, 60 months,0.0531,209.14999,A,Jun-18,June 2018,2018,FALSE,Individual,credit_card,Credit card refinancing,desc
115445,H1JScJktgNSaFbLEPzNia3RP7i60eK1sDhe9LgybYCc=,Current,12000,WI,12000, 36 months,0.0531,361.32999,A,Jun-18,June 2018,2018,FALSE,Individual,debt_consolidation,Debt consolidation,desc
115705,P4Rsg6XQ73vranPe5ShzeNXUeXUGwxpY1/2gIbou4sw=,Current,12000,CA,12000, 36 months,0.0531,361.32999,A,Jun-18,June 2018,2018,FALSE,Individual,debt_consolidation,Debt consolidation,desc
136236,8hhOF9Gq4986Qih3xly2wr075qBI21AkI74+2eJEr+A=,Current,13500,CO,13500, 60 months,0.0531,256.69,A,Jun-18,June 2018,2018,FALSE,Individual,credit_card,Credit card refinancing,desc
240105,xdHgbLQ3Ublw7/lrweyVI7OQ6gnIUaQEW3RSh6jYqq0=,Current,30000,MN,30000, 36 months,0.0531,903.31,A,Jun-18,June 2018,2018,FALSE,Individual,debt_consolidation,Debt consolidation,desc
251559,Jk8Z7ouowTltnpVRCspfGY+9swcUfXxAFBtLTUYsRrQ=,Current,33500,CA,33500, 60 months,0.0531,636.96002,A,Jun-18,June 2018,2018,FALSE,Individual,credit_card,Credit card refinancing,desc
253569,oHvF4ipugPU9bWGrW+rFaPRsyohK8k582Z+jTNfzhaI=,Current,35000,MI,35000, 36 months,0.0531,1053.86,A,Jun-18,June 2018,2018,FALSE,Individual,credit_card,Credit card refinancing,desc
262404,VnqMk9ktSHGVcCaeiZ4PpccRdZeNR1hdMxnxMCVnlDY=,Current,36000,NY,36000, 36 months,0.0531,1083.98,A,Jun-18,June 2018,2018,FALSE,Individual,home_improvement,Home improvement,desc
61674,KNF9yk3rV/HAEgny2bYxPAVePOAvvmWtXVXGLAEDaSM=,Current,8000,CA,8000, 36 months,0.0531,240.89,A,Jun-18,June 2018,2018,FALSE,Individual,credit_card,Credit card refinancing,desc
137539,hg8a2uVXVMfyytxMOlFAtDSR3UKYcEMkP6a3ZKP1OAo=,Current,14000,LA,14000, 36 months,0.0531,421.54999,A,Jun-18,June 2018,2018,FALSE,Individual,credit_card,Credit card refinancing,desc
263766,CfEzuHYMhwGtCkceQyH1wyzZ4AyrxajdCkG4OWsE0uU=,Current,38000,MT,38000, 36 months,0.0531,1144.2,A,Jun-18,June 2018,2018,FALSE,Joint App,debt_consolidation,Debt consolidation,desc
25067,wlFsst6k73huWlDl2sdhbCokYLsNR9eXj59Rc+JZrcA=,Current,5000,OR,5000, 36 months,0.0531,150.56,A,Jun-18,June 2018,2018,FALSE,Individual,credit_card,Credit card refinancing,desc
77915,ijiAFLw4U/rZq8DuT2M94jkU9Cm1bOtzFAz7szGgxxg=,Current,9400,WI,9400, 36 months,0.0531,283.04001,A,Jun-18,June 2018,2018,FALSE,Individual,credit_card,Credit card refinancing,desc
145362,H9wk3wJp0OTOgHZ8tGTvcoaOxGL83bdDXiduFPTbo/I=,Current,15000,CA,15000, 36 months,0.0531,451.66,A,Jun-18,June 2018,2018,FALSE,Individual,credit_card,Credit card refinancing,desc
162154,2m8QKJDthujvIA/sJ8lY4zKUn7iUzZ73KXsndz3Qphw=,Current,16000,MA,16000, 36 months,0.0531,481.76999,A,Jun-18,June 2018,2018,FALSE,Individual,credit_card,Credit card refinancing,desc
145364,RZ9c02PJaXJhiOPxsaKghzAaqQGQgL1QGvS04eU6+nc=,Current,15000,PA,15000, 36 months,0.0531,451.66,A,Jun-18,June 2018,2018,FALSE,Individual,credit_card,Credit card refinancing,desc
176226,bncYANHlyLvJzQ18YT60LjRZSbIezjLwpU5a67sY6V8=,Current,18000,UT,18000, 36 months,0.0531,541.98999,A,Jun-18,June 2018,2018,FALSE,Joint App,home_improvement,Home improvement,desc
264533,fSzt4dTdfF67Pcd9HZoOjxKJMAcGwBR1b0cdNDm+fWA=,Current,40000,GA,40000, 36 months,0.0531,1204.42,A,Jun-18,June 2018,2018,FALSE,Individual,credit_card,Credit card refinancing,desc
267240,1KFTHj6FIKNUm8CiCbk30QjRtf1+8cVSlqTIpEEQJw4=,Current,40000,VA,40000, 60 months,0.0531,760.54999,A,Jun-18,June 2018,2018,FALSE,Individual,credit_card,Credit card refinancing,desc
25084,+870Sq3utUnCOZOHjRq92gmVY/SeHLFBkKDkeCgvu4M=,Current,5000,FL,5000, 36 months,0.0531,150.56,A,Jun-18,June 2018,2018,FALSE,Individual,debt_consolidation,Debt consolidation,desc
82510,9P+P2hSALgVhziZBY/v7OFfzyxShQ+ZyI0N5UKHLIb4=,Current,10000,NY,10000, 36 months,0.0531,301.10999,A,Jun-18,June 2018,2018,FALSE,Individual,credit_card,Credit card refinancing,desc
82416,/sfva4rkMblLXp85lSwYPF4FrFSVn1tvPguvXTk4wOM=,Current,10000,IL,10000, 36 months,0.0531,301.10999,A,Jun-18,June 2018,2018,FALSE,Individual,home_improvement,Home improvement,desc
115698,6Xam2fpNVl7h3VfCa/dDVQgtd0u+KCot+tPChjhbwsw=,Current,12000,NY,12000, 36 months,0.0531,361.32999,A,Jun-18,June 2018,2018,FALSE,Individual,credit_card,Credit card refinancing,desc
187693,Tcc+0vFtmEkvcjouD1CW3Pb2Cc9HXjq9MQvpjSzcGmQ=,Current,20000,MO,20000, 36 months,0.0531,602.21002,A,Jun-18,June 2018,2018,FALSE,Joint App,credit_card,Credit card refinancing,desc
145390,IMKHjJQvxeVMWOjUt+u3XTVkKtdynWqlaiLo+wafLnE=,Current,15000,CA,15000, 36 months,0.0531,451.66,A,Jun-18,June 2018,2018,FALSE,Individual,credit_card,Credit card refinancing,desc
222214,JMnbI1ELnGqXE8puMI937GtM97P2qPC8hA9Q4GPycLY=,Current,25000,CA,25000, 36 months,0.0531,752.76001,A,Jun-18,June 2018,2018,FALSE,Joint App,other,Other,desc
225995,7AtVUsOjBd8qPs6hwpkQKN21DoSUQycPyKaQHLScBBM=,Current,25000,TX,25000, 60 months,0.0531,475.34,A,Jun-18,June 2018,2018,FALSE,Individual,debt_consolidation,Debt consolidation,desc
248638,vYmD/repp973O+FHea4vXGk6KVOjnbSNhCWW5RSfz7M=,Current,32000,VA,32000, 36 months,0.0531,963.53003,A,Jun-18,June 2018,2018,FALSE,Individual,credit_card,Credit card refinancing,desc
253566,ZwwihjX1v5nwED4YPAvT+8vJ734xgho0fD1eUwuLPbE=,Current,35000,IN,35000, 36 months,0.0531,1053.86,A,Jun-18,June 2018,2018,FALSE,Individual,debt_consolidation,Debt consolidation,desc
115667,z1dkgt30uqmrEuC+YDeeDrlYKMysJZwuA39Xgyz4Z88=,Current,12000,SD,12000, 36 months,0.0531,361.32999,A,Mar-18,March 2018,2018,FALSE,Joint App,debt_consolidation,Debt consolidation,desc
134019,OQixx5KAn/88Jq6ZFoW9hp7dWOG3v2TSxa3shtzR5Cc=,Current,13000,NY,13000, 60 months,0.0531,247.17999,A,Mar-18,March 2018,2018,FALSE,Individual,credit_card,Credit card refinancing,desc
35798,LWEaiHn0+M29CjYHcImFU0HmLHELBO5Sw0z8AWfnizw=,Current,5400,NJ,5400, 36 months,0.0531,162.60001,A,Mar-18,March 2018,2018,FALSE,Individual,credit_card,Credit card refinancing,desc
264559,FhKlFgkOg3xMosMjlMqY87hzGePvp8Q0bMvWQ7vCq1s=,Current,40000,CA,40000, 36 months,0.0531,1204.42,A,Mar-18,March 2018,2018,FALSE,Joint App,debt_consolidation,Debt consolidation,desc
176234,9Pef/RYJXE9beUgNXd8ZI3yR74U3cb6non7kI9j/im0=,Current,18000,NY,18000, 36 months,0.0531,541.98999,A,Mar-18,March 2018,2018,FALSE,Individual,debt_consolidation,Debt consolidation,desc
222205,YlP3ASQ4vMYDRbW2/0us0yjlOx8aXheLy4dzHAjdFBs=,Current,25000,NJ,25000, 36 months,0.0531,752.76001,A,Mar-18,March 2018,2018,FALSE,Individual,home_improvement,Home improvement,desc
234738,Lf3iTWNrT4FnXmhUbjr44u/IEkQkdUGfiXHI9wjt6ts=,Current,28000,KS,28000, 36 months,0.0531,843.09003,A,Mar-18,March 2018,2018,FALSE,Individual,credit_card,Credit card refinancing,desc
61686,/MgO2DEHZy6vKjcbo0RQ66IY6rA2faKF83uox5CxQ/8=,Current,8000,CA,8000, 36 months,0.0531,240.89,A,Mar-18,March 2018,2018,FALSE,Individual,credit_card,Credit card refinancing,desc
145350,0sAV0w1YhfXsltDYeeq0S+9lbQTPtWTbOZRVr5pP4uY=,Current,15000,IL,15000, 36 months,0.0531,451.66,A,Mar-18,March 2018,2018,FALSE,Individual,major_purchase,Major purchase,desc
162159,BwltQi9ii3JituJQ1AGDiqkNAaJBkZFcZUeSVoJXXLI=,Fully Paid,16000,TX,16000, 36 months,0.0531,481.76999,A,Mar-18,March 2018,2018,FALSE,Individual,debt_consolidation,Debt consolidation,desc
187733,CGCLIshCUhO0kWRxnK9tKMFVNRLHnJU/Dr9hXWLdFGQ=,Current,20000,CA,20000, 36 months,0.0531,602.21002,A,Mar-18,March 2018,2018,FALSE,Individual,other,Other,desc
187684,Z0dWXJUKoM+O4FrvlpeY+YrWWzr65h8w64ZgRd+FfQs=,Current,20000,MN,20000, 36 months,0.0531,602.21002,A,Mar-18,March 2018,2018,FALSE,Individual,debt_consolidation,Debt consolidation,desc
82511,iwxxHDz2EvqAr8cEtsl4DBsG1c1gPRSBDMUpYkg906k=,Current,10000,AZ,10000, 36 months,0.0531,301.10999,A,Mar-18,March 2018,2018,FALSE,Individual,home_improvement,Home improvement,desc
25074,pv6aFrfngauY2l32M1JODE9iQfE3YHdaf4KWM8GKegE=,Current,5000,CA,5000, 36 months,0.0531,150.56,A,Mar-18,March 2018,2018,FALSE,Individual,other,Other,desc
82496,1m5T662vVgCw84YqIwxfG0rM2PWD7o/QxxjjbWceUEY=,In Grace Period,10000,TN,10000, 36 months,0.0531,301.10999,A,Mar-18,March 2018,2018,FALSE,Joint App,debt_consolidation,Debt consolidation,desc
145389,ZvRj+MTwqeZuVBQAZbReZ/RA/lOKw/u4LxAuX3L+0Mo=,Current,15000,CA,15000, 36 months,0.0531,451.66,A,Mar-18,March 2018,2018,FALSE,Individual,home_improvement,Home improvement,desc
184616,TF3uexxaE/vIywW3lLiwOC49pCBiVdq+LfTOJx8GxmU=,Current,19200,MI,19200, 36 months,0.0531,578.12,A,Mar-18,March 2018,2018,FALSE,Joint App,debt_consolidation,Debt consolidation,desc
6132,ta+Dm84zn2G5zTk8yPMFEsdE/05Qxg8gmZLYZEmCrz8=,Fully Paid,2400,MI,2400, 36 months,0.0531,72.269997,A,Mar-18,March 2018,2018,FALSE,Individual,home_improvement,Home improvement,desc
115686,oKC7+YVGSTEc6MUPM/zljtbpmhV7HZWzuBVeuBgloR4=,Current,12000,IN,12000, 36 months,0.0531,361.32999,A,Mar-18,March 2018,2018,FALSE,Joint App,debt_consolidation,Debt consolidation,desc
162158,t8t7VE8MoplzuuJILinSmU+guk2uVwDpFkeMnOX+er0=,Current,16000,ID,16000, 36 months,0.0531,481.76999,A,Mar-18,March 2018,2018,FALSE,Individual,credit_card,Credit card refinancing,desc
145382,yq8cAY/lanXazQ8L2Lm6VP8DGfLqq1j+yHJeaWiL2zE=,Current,15000,TX,15000, 36 months,0.0531,451.66,A,Mar-18,March 2018,2018,FALSE,Individual,debt_consolidation,Debt consolidation,desc
187718,EvX1Y4sEfdDQWnwyy/zkxu7Gpc9a8aVyAi+0PYBmM14=,Current,20000,FL,20000, 36 months,0.0531,602.21002,A,Mar-18,March 2018,2018,FALSE,Individual,credit_card,Credit card refinancing,desc
187720,YgNsnlkZA2+WruWM0VTxfdHiEWIbH5RzZhAPQAWx+6s=,Current,20000,MO,20000, 36 months,0.0531,602.21002,A,Mar-18,March 2018,2018,FALSE,Joint App,credit_card,Credit card refinancing,desc
187730,taVqUwL1VT0WsMP+C2/lZcGD7zQct7FiMia8WbnIUk8=,Current,20000,MN,20000, 36 months,0.0531,602.21002,A,Mar-18,March 2018,2018,FALSE,Joint App,debt_consolidation,Debt consolidation,desc
248640,NSMQsWgQ3c44uP4UMWVfZptQgoI+P1qM1iFRMOB2QLk=,Current,32000,TX,32000, 36 months,0.0531,963.53003,A,Mar-18,March 2018,2018,FALSE,Individual,debt_consolidation,Debt consolidation,desc
74278,As/R/IZPCZZotTHWcH+8Fl14ymwqQtPr5qK7RCbf2Qk=,Current,9000,MT,9000, 36 months,0.0531,271,A,Mar-18,March 2018,2018,FALSE,Individual,credit_card,Credit card refinancing,desc
115694,z9/T5vHlXj3rQucJY7fHewR/d1tifLqkD05pJdkaysA=,Current,12000,FL,12000, 36 months,0.0531,361.32999,A,Mar-18,March 2018,2018,FALSE,Individual,debt_consolidation,Debt consolidation,desc